reviewID,predicted_label
dLS_UUea0Yh7et2YlGpUOw,1
EDejgdY32F8Lr4ewh7FeiA,1
TRLtyGBT7VFODhxgyZ2tLA,0
6QYZT3mkrmBmYNDUN18ILg,1
xuKTaBhJT0GaI4wRFZi6Qw,1
ncQNMQv__ZanqjrSehxlYA,0
jnc23zBiOapn6vSOBw7t-w,0
4rvoE2YTph0zcgZyeu2Q9w,0
EJ_Rp2NFUdMi1j652A9J4Q,1
GiFY7C6lw9XzCfXjc4RNnQ,1
pVk8XWHANSxdRYA3Y93R,0
Sfy-01qTIm1sgv3lGOghPQ,1
ghIYBHA-tI7bxnXewn3aUA,0
Dd5JNvhwSDpJf3mIcEQs7g,1
PmhedUahUXXOud52x1S4yQ,1
upor2hDYDYWdykscRucnIw,0
RLZeBpxIawhUybvPF2L24g,1
4LrYwt3lIo6WaMWxH706lA,0
HCJ,0
fVgV0vqZFk8Oi_8IN_fAsQ,1
ioSeyzNB-6zKG5Fg45r2Ag,0
IiRUtTzERkQQ4Xe7eN-zZg,1
yKrmieFKQ8zrHn1kMcJGvw,1
AUphf4auZhYjLesrkWD8Ww,0
9j1bX2e-oKnraktBYM8Kyw,0
QwHq7wzMIs0hByyHLhsLhw,1
JvSvyJYVN1eX35BhOZK7jw,1
XUbVRvcl3sZ5P7uWnTDcdA,1
b5ZeHaJnSFnK1yvKtDmOmw,1
3my1QSpIaxjNOWNwK,0
tFvzuBxCdcZ8liGEekuGTg,1
4IPUl5DI0QwofTnN7y71xw,0
TyH9jbz4OsfFD3pYnI8qZw,1
vHXBZ3bp2jOw1xZRQe00FA,1
txZ70kDC1N6UbF1p4zKW2g,1
3IdvJTj4ITCILj94f3Pq9A,0
4kko6qI-uJRtrMh00iYdIw,1
dQ98fql8pisNvf3tES2pLQ,0
jdJTDM8kNaKoV3u-U8-azg,1
bmGaN5ImR2P6OBuzeDg_Ow,1
SlX94T0JvloexsZ3E52pbQ,1
MKrKaCbt5AYWTj4-UlCwMQ,1
9Fc4p3mNPimEd_gsLNmcdQ,1
L2K_bFC0aTVgiKIoPpmscA,0
dyx13h_Ia3IfvfkqN2CY1Q,1
NM4uLmClwQ-co0cmab4HZg,0
0b1oBz9aTiv_fQYA_6DUNg,1
59idfjbhSygp1tr2dSOnyA,0
nMYlTRQVP9,0
AytQamkYbGeiNPhn48FVHQ,1
lCOQ4emlQd36Ol2gYRWxSw,0
UKh,0
wycq-2sOx7-bUrqbOkXLXg,1
G41akYn2nj8D2MyXRILdPw,1
3ffGMaC3qO9xWMXHSInuhQ,0
AA1nAraAJ2XGPQ7YduD9lw,1
GOpgZEiyK3FLb50QsLPpWw,1
15QVXT0XYNNKF_58QFlZyA,1
umtibefrkYePVzwKhTHI1w,0
mRtoHvOOqLpSZUHQI-QYVw,1
xiQvXZR2d4JxKoaaCHj-jA,1
B-nqzQM9hHI0lIxYK4,1
D4PH7vucQlvKrMCx74KCKg,0
Gzr0xm1YDE0XdrMkj12Omg,0
AGyilsudQqgxRVmBSaEL8g,1
wRktLiHOq-z3pzCPEXrd6g,0
YK5xHS-i2kdSw640vsWP9Q,1
cV,0
O84Ke04PLAqlKHSUYOsWwQ,0
MOMhukPAGlgHl9GWLywIEw,0
8ExRxu9ZLWiGVo7IQI19ng,1
vQcU4fz9s-A0KonAsOrbMA,1
NWbRSoij11nLLmJhPcioEA,0
37fqor1ERivnj5WpJEuS7Q,1
qZFlPwpCOsGQng_WTTt1tA,1
ks_yJ7c0g1t4P22FUvoiwg,1
D9XOVsUvbasstX8mK3tTvQ,1
_dw3lTBbEc2dPfQ8wpIe2w,1
QpX5flO6yKCdyiZ9zrWHQA,0
Z5pLdRGyOh44RI1vEpkLrg,1
xSzp-x17YA_srzM2ec_fEg,1
55Ve,0
etFU9SWyT-jAc_ooFQ49Bw,1
O8Mv-blOh74Svgr3yISdGQ,1
9LeObFNqdohOG6MuWxffTQ,1
z36MzT5o-OKX30oJGQCAew,0
V7IqRZZevABFHypYUFplzw,1
jUtO7htLYidp9Y2hHVkRMg,0
Q29RxhI5QmynTN7xVzQd5Q,1
LUN5e2bRij6UMk4_7HE17g,1
wnt0Zb2eoSMI3qE692PfIA,0
DgK0cSSZyuSPCxjLsmLl8Q,0
7GQxrjPOmElw8NrgcynrIw,0
4qgTr81XJK6Zjj-z5zWdsA,1
ZGfYn96-XbajcUkIk,0
KRhSTVVfSEBVWrbSMASggg,0
6YfaXqk9aBsHOYC0_QdeQQ,1
VF5rLnG1mfdiqc2vgbJyJQ,1
3cQLn8EDPQ8E6uJ5NHVftA,1
iqum9jc8Sdw_H-iPtH9kcw,1
P-NAVeMncBNzE7jT-ArgiA,1
9p0KNYwJeuwDM3d,1
xaKJPiDPMwxixEd6GxyjZw,0
w_QTpvg0q9hmMDLnRyoCMA,1
yMYIt-pBK8ORzIUi8bb-9Q,0
SYQOdmNnAKW8SFtkVagnig,0
4x0HiWL03czjOeO2qedByg,0
xlntKbs337emandzJ-5c5A,0
NBkV43UWK4TatdtnCV6jkQ,1
26U44uW0iBd3PzNyY9NvbA,0
nEFgBeaDSpZSl8qwYm66Nw,1
uh7X,0
8HeFagYbqJXhEz0Ngqycew,0
99T2JR6mCTIgVPTk98T_og,0
Pdalmm3NLzsQlRyKBCPyFg,1
SQX,0
ZnFaj8oZBCnLClhxVjYWVQ,1
xjAH43i2IbDou34Y4k7Ycg,0
ul,0
N2eHLcMeHPOVaoYC4XkbHw,0
AWCnQLNy7Ev40DEtHmwWYw,1
Fz0AnJkieXtYHtoBSbGTYw,0
y__v6L-Q95YgoxCqTh8kCg,0
ez0jlDf8UiNXe3h_Y3kfzQ,1
QADBcqK1a3CLNElmj,0
kA4qe-Httzipq6RGtcflPA,0
XZtDoF2bn-N8h0nE0qwkVw,1
9BmcjSBRB1W5H27kjT5q2Q,1
pSMhMxCthSwT3g5nXqb5lw,0
SikEJnYDuZPLMei2fFBgIA,0
JkuoQ06FY-5OlS6-9HOTjA,0
WlnGF0j5XXgVsfpkacaloQ,1
NWIlIqBQkSb1CBRppKpr9Q,1
y3d74e5hTQVjFez-F1WTQw,1
HZTEMgLtZy8m08i66GyPLA,1
OATalK_nAARS2aauwVi95w,1
viM5PTScpniiuRlcnLa,0
RK5dhdAf9RbnuvJ3osWtHQ,0
TfnnMfi93zuQdrVPMbQDDg,0
7Bhyv26gkS3K-aNpUI9WHw,0
2VLB7tGBfXDIVzKpfsHVeg,0
i9E0lMjLTXTrEHN-ZkFKjg,0
OveGcKnTtkPy7ZJN-zgKOw,0
n7qO5mNSUhDz6rfI5zQ_bQ,1
H7XOjHa1lMe1zRaQLp4hPw,0
nVeFM9jXHOCNaNr5bqnVBQ,0
aAp8-eKjIr,0
2SIWaL7fMoNIa7WtK7lbvg,0
LuuetM6eiLlb0W4r,1
XN1codP-vAQa9IUvWZOxzA,1
3_l1xZQD8u540lWc05xIeQ,1
X6_11Rj4j1RnwK-kkEsDkg,1
yLa6UcT0Bz2O6FGhP4x8sA,0
MlfdtMdp1ha8dKcmv6paqw,0
izizXV9M-7AeEERHNQKgiw,0
xEHeiRcDomwRCS5hy7VLrQ,0
lWkyv3GSaCdV2svWBKLcyg,0
kwU3cu5X3sj9qFnoZz2Pjw,1
0v7137YI8z_BlRdZIkX89A,1
vanSyT5j1L5xNEWFKiS,1
O-v1imql0whyTYk6UHidOQ,0
ripAHQKnkiRXjJnXSk40rg,0
Jy8bYszxJlNHSuWMsADqlw,1
SD,0
0u860YvFH6NgvHpyDs3eUw,1
YNUjcF2RUTfuuIdgthGx8Q,1
Fiv6uSkbYIaoLH5vcSIiEw,0
f-IHbJ6ReOhELp-f6dQPXg,0
BPNifMCLoKYQat5WJ3at9g,1
GOAvzEfF-z86boY5FhLYAA,1
yeDzI5j,0
-_zE505GUz-P1iIjba4YfA,1
J9dADlBsJXuRbz9kd1MogA,0
3IKohYTtWJf0N6kt7wiOgw,0
mMq7KxNgsA29iZzrTcFA7w,1
6hJOlNGoutoGVLLOrI1B-A,1
seP_J0Noe6nVrWk1pDmNJQ,1
ZNsn0aZvpBKrJyE9TaAtYQ,1
b2nT8PvSYtP6ERWMV5C0IQ,1
7j8r3ZAWePWz3hpCNyi_0g,1
ivhOFqlHGEURkgv9m-FiNQ,0
smDCO5QKudL8S2pPCp3eKw,1
QkxYJ6FdPevJzNwwqQMOmw,0
l5boLe1X6HJlgBOPO60eVg,0
qQMj1oJGBUgEfcVLObsVCA,1
JFjDqp_yRXF-g5ziG3MOgw,1
3Az08JYvCyzhlC4H2sdAsQ,1
bXRb50XYHrHjzLL_DEj1JA,1
ROPvV_H4FY3Q34btgLZLUQ,1
IJ2ckcSZKes4XRwr2mZy7Q,0
Qx7hRmk4IAuPH_mqzNQIgA,1
pFefpwtUK1x9WgjDxYWliA,1
DFwzB8yUjBbg9JTcQg7eMw,0
5uFjUt75I2GCgi74S8jWDw,1
6J6KgtNo1ZSV1ODv5Q6Quw,0
PqMyvXlCH6_tAG_KzhAFYw,1
1zdhKupjUG_HclsyEZbTwQ,1
TVA0l03q-Affgxlu6jokFg,0
ko2CBgArBgf_mZ4J1ozvfg,1
0JA6-Ed39gKoosh1wY9vpw,1
fOQZ0RFhoT0MqrRslOcl7A,1
LtC9SzIxgp5nd09DaBDZPQ,0
5fRcL2xDaRUo-e64tOiB1A,0
04VvesgLPIOsGSegwGzwvQ,1
zx2_mA-lyyvaV8aD46dxrg,1
3PsjTaKT2z,0
ov5Y2CmOva-RbVHNBRCe,1
7WSiXTW-wOsgKauhm3mdIw,0
lMwU4U2CJzv6cNa7Eb4GEA,1
XzGImN2cnoSZT9zrJaFo4g,1
WY1fSVx50rQljz1XpTi5Lg,0
K8QDMg-YooLP7TDRc_slNg,1
4Rz2OLg0Gj3B44BBktBWNg,0
G_-TJGS0GvaFIeJgnCJMzQ,1
otbOczGU7KQnlBZYtkVwmQ,0
nJj9WteI-KtcOuIEN7kXeg,0
5v_xXPrFFQvotFaA-CcSYA,1
DW8TtrIXJff2zNRbsK40FQ,0
ihHzRb5UG_mcCZxVzouuEA,1
JnzYc3m,0
HAg1LAhZVovBXfWf6dBfXQ,1
PieDyS9QyGPGBtWX8IhWHw,1
li9knoqQqlh2n_6k4kDLkQ,0
CUdRkspQuqjpHpjGztA1LA,1
b9UTrGPJepMTyWaAw-7yMg,1
Oe8nezbc,1
M8-hzVI46FLJ7bW__XNH_g,0
gjjZB2D7AgPetCIL5MqZ8g,0
ENqXrWm29dLbJSGk7-fR6w,0
iPLyRZHQIx-zMaDWBelLDA,1
sG1,0
WE83gDgM4gehG7l_7B4a1w,1
1Lh,1
qkZMDEFqt1WUoIjEEJ_chQ,1
D3pMdhArcNeVhdkXf68p5w,1
ASKXfXS1NbQEpAfsetXXIA,1
6SNRXkBQiP9oYyEIatb0ig,1
gZxtL2A15T3,0
qIfSVRDImVxrcyn4Cxvzpg,0
nADtXMSlsaDVv5LAI0Fa0Q,1
zgf0oiNLvhvsrgCR57GjLg,0
tWnpZaPv-rnPwmNAuui4Lw,1
J8v0R8hu4sJHlfpxf5I-1g,1
pNq3mnxQU81hnW-UO5PHWQ,1
0FIjYeBNRMvVjn1U8JFc-w,0
pD1J5S5NQyayYrpQJpdkpQ,1
3ZWD4Vwznt58sKAmbXZg,0
-tOx8bjlJieKV420kQSTxg,1
gjJ31EpkI2kmqmGnZIbY4A,1
BD9waR8P1neYsnCih0upTg,1
BzeYw--xVKc459K7woU2dA,1
GkSMbiJNeCrm-tpJyNoX5A,0
NaPbCJWPlj0ZV7r7VWwsMQ,1
4LZUO_Ne8MtX8zqNpQjl6A,0
dgPo6oOm,0
w0QFEm--XBZ-yUvgDKUD4g,0
SuQ2SUIzf93a_yNr7ngsTQ,1
I1evkgn3QOIUPxxOFiH22g,0
p2ixfcUHVnfqGJRGoaQHPQ,0
Wn7fFsFEne92kXOXX4-KiA,1
bqrFJNMhxAKuVFHEnhMC-w,0
1bxH51dS1nECr8o0XNh9MQ,0
QN5Ew,0
8ZBwMg7Y6ZXhU1g6pYI,0
Gc3IRNvvoo2zB-sX0L60MA,0
IMoksB66kFQ6Y6-M-yT4kQ,0
Dte0HwdU-StliSJo2jA42A,0
0XPat-wWsV9aapE7zrKSpA,1
S-P15remhUA0mpZuAhGgtw,0
yMyOhbCOPz3I1mdwWU4Aqw,0
SDxt0t4sO6zYZTsnLDzYqQ,1
aMpD6B91Oby1LCGoQojzQw,1
zsDhFlCvGnIjMrQJ7J4hEg,1
Omd8YgIcSetbeGd-RcpbVw,0
ejar,0
eRUAgVVuSoExPHnHJvK9gw,0
UY41CFmduarD3DdLrM4s3w,1
i0h-sQaEUIiX7f3ZhbqUxg,1
0-UZSndx7mFxYsjaaBZHPg,0
IBcTRJVtSPTdoUsCzqDo2g,0
szgUsJj32XjzQ6aQzlYvkw,0
RMZaK44Aj36ySj3ocP3UGQ,1
CXjPllSeZE6CI_orM7nBdw,1
zr2pZmq5v5XZ-Bebt4Mq-A,1
PiGNTKEk7ZlN6ho1SYLc8A,0
cQ2ouSOCxhgIkwSvhwQIPg,0
2p0Svq2qbA35iIBUIDQvNg,0
ApSvVkSiMP5o8FZ55lKvYA,1
TWdfvdyMDjjHoZcW2tNS4w,0
EpH1kapPQ72btSOqICYiLg,1
bn-jGno9JH76Vd9eFRkp1Q,0
7hr8O0sxVt1Zycq0IkxBxw,1
SwSVPMtv7girz5vvAVuJmw,1
5e2zpbAlvQfl2jkc1ie1OA,1
Q5A4X57t5BAHQTX1IscYZg,1
V8bNNYezymF8XJhyEDlRhQ,0
T2FbobrXHAB3eso9KqKtxQ,1
bsr_1cFwF4U_U0uFjNsN5g,1
2XUtFrKccF1hxJ-lS9B,0
WL-0BhIpU2Sc6NUb8khiUg,1
DcYuDxLixfTMN89M8qKa-A,0
KSnHRkKFfrDvoQN_BLHBaw,0
Fmfvjv,0
miqgZkaiW9VE4CAl-6jt6A,1
ETXc7xaGsl63MIKASIP3og,0
5R3NyalSuIB6L1hQL,1
ewgyRzWI4clYjPbP6_5osw,1
jCJZY5A2TEMfa2rf5rS-Cg,1
MXKpBfYBNiv5qg2W4CSe3Q,0
qPqxt-MNdMzSSwE8D7U9Cg,0
AthE,0
FjlPNFLv7uvSpgpf1RLTgA,0
GJcL4lvzZXpJlDCDMSZpBQ,0
PtmN1VEjYR7Z7Rfvwjx,1
_lOzvNU1hpxxNbKYllSgXA,1
IdZ-9Txz-ge8NVBVkaIotg,1
sAVN0EGeW5Ckx,0
OawUSFC5cTCTAaTD4DqV8A,1
jvAfJa2mMRHs78xPRwk2gw,1
z6t0svRORo4XzP6TAy_I8A,1
yLX5oMovh1ZtFFwY6XVx8Q,0
2hPl3vjLqI1OLYvlfX6rgw,1
ALKE2ttu6JAeXU6sfoWVHA,1
v2RMu1SDLUU1Syz82gzPVQ,0
5zETQe5UNqugSxKxRsn9pQ,0
x8csrb9y7WJuFuMiIIBozQ,1
Vk61p7JjcRyjecpeTOKRsA,0
dFfC38E3R4jbs3GJOVBeiQ,0
Rb1yFgZWNnoTmf9nPAgalw,0
0hJ1xKZ50bDavRSBvoa_mA,1
qLs3uYx26VMzCgEyZ9VpUw,0
37FIhxpSOTwCboyWLb39vg,1
i5cx5l8sBAI0EDOBQknRDQ,0
MrD56UpFAXN4vIgQmRNapA,1
AyIeEYw16KzyixZIjUYcww,1
uWpS6i42LFZC2Jqlp2IuGg,1
u5vfT4a-2cr7RcX2ssnFJg,1
ZG-VFR-9rRmPt0mRG3Kmmg,1
i53rZI-U3kASK18QSnBO1Q,0
cpV-C-ZU0aaQ8anrA8oclg,0
X3YRTw0PsOrvh7SS4H4jAQ,0
fiq7MmwYOPuKzDrZEmD6TQ,0
O7TGUZ,0
TQCjMf3Il3AVPvOlCHimnQ,1
d8x-RrSr4,0
rObzzzRXF-Qz0Qi4THzsNw,1
2A0W6kDWbbreV-XUk0uZKw,1
YggLWxqmMqs1UnF_muYMPA,1
hKQ9FS-Yyjy763ylblQEMw,1
o-415hcKrsLZB1EI4a9ZOQ,1
QJX-SADS5RNQXCql_nh27Q,1
tQ64zSffjKHZHUl-kkm6zg,1
XD36fuIMUEUFLkQ-eObr9g,0
JaEDu4xTJ8Iq0FRdhIrclg,1
qYWzR7bLY6izf4eTYkFGXw,0
scErHCoH2yeO43e2FbkSqQ,0
jWNuhmFJ18XlymSFieJGHA,1
kfWG2Rva8n60t3yWT0GhPA,1
xYpsTSuG0Coo-725I8sAXg,1
v0ADCEAqTR_QsW30sMtNqw,0
IrT7_4JXcsCMyTBkTODLaw,0
YY,1
F4daKvG2uzTvAK4odVAz0g,1
XvqPaJqzX5Y4-75cbeDp8A,0
sBtqYje8lOvSSUxPuzwT4Q,1
RZXkkUCnpGH9wVDF8uWz2Q,1
yc2l3QA1_nTjOMh_E78Tyg,1
-A,0
85aoIZV86KgHsVvuW-spMg,0
I91z9xKfv0pz3vQj1kN47Q,1
HglJEKcjvPNzkLgNrOy0Qg,0
_v3v3Zd3z92t6Nu9QVUwKA,1
SMwxpsGuLB,1
qnoNvW9c6e-6-IeS2RNrjg,1
iFbV6GM5l22a25ljlcdUYQ,0
znZdvMF_Q-rCT3ih3-AQAg,1
eSM1EnhB5O9bastgOuU4qg,0
NUR0S90vzCdr,0
-RalgsTwvinNIcT2BgEQAg,0
1a_3eTIfKSrWvy7k2feXSw,1
lmhFv1Ri5YwJsOJOxABA_A,1
rt03gVIhdqr65cUJbrspUA,0
OQb9ZmFOFiHrtcIQe0UEyg,1
QLXrRSVPHzTIx2rHfYwiXw,1
pyHRcN4euY3mcKNgqabOgg,0
8qto2GWuhun9wzRC,1
W_vjrAr3WK0TOKN1w_H8Uw,1
qg4DcEd-Vrc4DF1LIhSdkw,0
FXxkcGrwnZoQDzSuLxpYZQ,1
wcxsZVcNgea9Rkzke4o91A,1
RV43KiuzNPJeC-1A_b9ONw,1
QQOiWC0o02FQbYjAzqlNUA,1
NwXkooHMqbtpdSBBIWFxKw,0
F8hZ2x-klDe1DQI,0
IZ4sn5VsLk92FAIFmNqFKQ,0
7ORKdGQWe6YRJcNUeQ6CKA,1
khG-qNqGYixHmZKenLQmig,1
iCqKaCMbODmM2Ib60aTWGw,1
HP5PqqnUxbddTwmx7Du7Bw,1
n8dWRTzd7ewFT2U2xVIDdQ,0
P-55JvAPZsON8SpHT5O7Jg,1
Nj5LdragMSXMt_7y4MHnHQ,1
mEeKAKcXW9BEI9tPRM5Nqw,0
ohHlLgK7BetRjoIX5bNBAA,1
kz6QS9M4IlZcfkaSVX8EFg,0
YxF1D6-E_ksd_FQib1uamw,1
HilSinzo1Fi8MexDQgBuVQ,0
drAqZGZcUbZY4wQE8w8mXA,0
d-drnJlcYmLk6n,0
GOm9HgegKhtc2Cl1mP25EQ,1
Qg0UQtjn-0sduV7xrvOraQ,1
L2xu5b3TuD2X8isumqLhGA,0
YyaCvqD44_J_b4ucemDfSQ,1
tT5ZtvWXuFAzxDKUhjAfaw,0
6JhYgKjPK0UEsfJGuo-ydg,1
E576AcaSWwh9klTBVYhwMA,0
z6mIB8xaMdr7gxmIgczfeQ,0
dOKCwTzPP-Ki2eQJ44qUcA,0
DpXwUSeZOVrIS5ETQ1wI,0
FuczI1Il2Orw4XqiFcIaqg,0
YTamAb3k3HxEzxvj,0
WjZeiFK1rC1PBUs0mYHb4w,1
XD40xzKrpSZ3cZX4qo2gew,0
oY384TrV7y7K7zxZ99UaWA,0
vqSXh8xwKLey9R9pYW-CQA,1
yl-VDc3WG3EKmNGlSmpZ3Q,0
DmYv2AOWotEu9H-RrGAkCg,1
cwpmM6RWe3_2R11BLWDxLA,0
9hSNchHDicnZAM1_SFZwYw,1
DiDHO3D_n2xloSeQLRZkkg,1
YSx7WFqmQcX2JnGkdEcu3Q,1
xranok0oWiB4G13KsTwv8w,1
XcrkGhFMbhVbkPGpgaPseQ,1
v5yxbFApitn07LrG6OTi1g,1
wtKWOJ89DyWiz3jaxNxx4Q,0
vmqhsgEqa_Dk7euBxRTR9w,1
Oi-KZR-z5fvI8PdIs7XpbA,0
fSyrHaGLQKHaeNFmGgmiTw,1
4Hu2W-ndfNEI5fAEyrVlJQ,1
NpvTpWPk5MNEDabgjySuCw,0
0e7lgUlPDU7ovpon6zkhWQ,0
wFqp_pwVJudgePoMwZCkUg,1
wwTmDM2IuXhdc-UNHmYbBg,0
lKFlHGDXEzHkr3iv3mL-IQ,0
v-NEZxwXreAkYYfr6vL77A,1
9nGyiLOa1_BpWkh2yjuuqg,1
bvtHfsUIdhwu4JurA2R0OA,0
njojqER8QcumslfznJEBZg,1
AwaIiN,0
4piKqcuxfgZ17Dd-rINcYA,0
q5IYoU43sVAfuZFNnpTOmQ,1
1tVqf12M3_4duDXnop9oZg,1
zNNNSHzKHI92Giw_70DUcA,0
WCpXYGcf4rJMJlINOqCQ5A,1
W0pJttA2pLUj4vqJbrZhkA,1
30hxkxhzKyXIsal2noCjqA,1
L2-DY5WwfNdCSV4IwrKAYg,1
gezSIvH70TGWtwSUjEqgHA,0
EPUy0yoths8UUCky2sYIAw,0
Rgei8-87Zg2O5Z51azBlfg,0
qhS1Y1EMgOlumAhKSE4Pbg,1
VfdtwLNjb7-F8Gij15JuIw,0
jMN9X6MPwoNaszZDhcI0zQ,1
0HOPaU9TtEUCVCQhQZdKaA,0
AljL6qtpCFJZImb5lhOxDw,0
xYGZqG4XCIINUJpF4p426g,0
cAG2JgD9M005clXsVp4R-Q,1
kVJoHJtc0Fs0Pu1sKc9i6Q,0
wDheoqPlSThML4pShhog3g,0
V-DL1yRI2chJuDL7TeKVLg,0
1pM9RHGtxbCPz90oVw1hNQ,0
SiJRavtdGSpQvFTKfJUdZw,0
TVLUFmQNfq439n7Ql1riSA,1
d3Xlm5eyJA3Pi02HdfnhtA,0
tlSU0kLrheRA6tMbn3qjSw,1
1MLLZjuhKJ_FJC_vnxNhWw,1
xPYnxixrQ6vNtcmnzn7RSw,1
GpbbeECtEH3QnryjS2w,1
dM6f4T6oSMg,0
kCPJcQlEpBZFSFAtKEBx0A,1
pxYKEkup,0
pMfJTMmWbyk82JiFTtO7iw,1
4jDtnd1rk9yS55pqb1Wiyg,1
XUChIus27q7-bJsIpdMcVw,0
Sp_7fe1EHdm6BEjdD9r2_A,1
uY5580nlZ_Cgg9JPbqLbXA,1
pAlghjAgA61NJuXELPUoSw,1
2fEq7QlQlDd1qiV1IT469A,0
M2CRlILsdlsEaNzo-BgjeQ,0
e5sSBcEViCrovjxMCE--ig,1
YBFalhgrgaavK1kJzuaKQQ,1
0q2gZl6GBCP5-4ayQ-4TEQ,0
t6PgIlYLvlbmOP09yt17qQ,0
-PSmalf_5aCuLGYo35geag,1
B9wU9jj18OevQAdJQBMXeA,0
gfDLQXzMf2SdNgTUeOYubQ,0
JGxxNXOGtsbMNaO2QuqHfQ,1
SYuZ5w0BpkMwtQ6Z6vVyxw,1
932BRgtwtaV0-tflGI39Ig,0
aU5LYlyen2AuTYvcumyDXQ,0
JOQJA7kC10dCaCrX379tjg,1
ebUMx2N50Xc6MR8fkF76eA,0
uqWX10vB7qNpOhfJR7vBeg,1
a4WwqsZi759W6AYxTv_JOw,0
QGvTJlfNK-pmSc6ONra6RA,0
ahZn3L6xu0ydsi8VFSXA2A,1
TAJm8S_VL73tBez9n8cFlQ,1
8R_PbhWS736cZRtTKAiBog,1
tpdwmVB99fMic0A8-I6zgA,1
nYuA-wN1o9rS3k7gdzB-RA,0
XnS3Dhkoa4AZVhbotU3KbQ,0
3BbMohhKTnPusybEsGi_cQ,1
mLcr5O5IaG3qcZDjYvUbcg,1
E_mPqU2J5ojm-uH4dPOKFA,1
2I5um,0
xtYXPK77EwAqY3Ba6vR_iQ,1
lM1pBsMnQmRLC3B94EcUew,0
Tns0DLcu8GksvjrZyIKQOw,0
7kmPGEyXGuHL4hxWeHvzhA,0
ndX2gidQd11gqcM70etawg,1
UQbg8hXEJZUBsxZn-Mb-0Q,0
dX5On_haUZTkQow2RE2h7w,1
Iwx_41G8X0beN2IF4_doiA,1
7ZGlYmqSRwRHwaV2,0
o6ApR57tqTcqCSg33tpSNg,0
cWQX3c7_EK6H0EE6iVrj1w,1
groBwaNCIFDotcpLs5TUDw,0
8a5iyI5xNtyq5eMVxETA7A,1
QWFJ-wfkMg31hpST6Zk2yg,0
_z6rnLTLS2Zxn9tqEMv3EA,0
yGmYI3GbubSZkFB4A-2lxQ,0
SZY_XJQsDoNI3bFlvtqwqg,1
emVweCp5lL5bmIwiAbH97A,1
bZxo19Vpuqh9bn9gz5XH9g,1
-P8-QryIXmEMgC45GMAJ8g,1
xHUQiz7G9FEvL5fwJMgy9Q,0
o8n6aXWm7097dtbsG8RkYw,0
yIfNKzzeAmZialTAWy7TDg,1
n5tcrQsgBHW1zAdbxvw3PQ,0
ReiEED9MPd-CVc88RxSx0A,1
gYEC4lrqmVR3egKZvlwo2w,1
seO13qMT2IhLjhc_ysRSsQ,0
vifVti3LUH8hQ7KMtT-Swg,1
TY-ni34tbos4QY1FiCRtBQ,1
2by1qmnxoF988nTjpCqLIA,0
Mo-WHjVnQL7dccIRDzlUMA,0
q68SYP6Smx2RaYvS1cZZmA,0
gIYu6g1H7adqqEwlr6vh2g,0
7hf4oAnvOUVZXsvgqx4Ztw,1
jSYAc4jA26m1UMcOY9cH3Q,0
3mw8Xoy5loMKTztt8QypAA,0
w8vAaMUSzpURdZG1PB6Vrg,1
y-yRx2p8TOZLZMwkWtzgyA,1
raHVV4XJgGnT53mxgthEaw,0
Q7yLCB8bkudgRFDCuHsyPQ,0
uf8eIMSc1ajsNq2CkOq64w,0
CXvdjsDgdw6ZpgZNmMSvDw,1
vBN1knbHyMflUAcUwwv8Pg,0
DDVylj1fLqRMf,0
WqDzgIaIaqDG2K6E7-WbCg,1
I15-4i7kvWURLWGY7l82Fw,1
46IIq1OTzEapZUZeg1-RBQ,0
pAFGIpsGgzkrGLJhNhDTFw,1
ptp-seIP9h9DI5yJuF6qqA,1
_DKTfP18Up5nr86zteSL6A,1
JWCApQqbtij6dOXmyFGI7g,0
m0MtlfQ,0
kP-OqSlEUoEuePKSThQETA,1
ZCuUk,0
20jgSBWt2aQRNv4FIfq3TA,1
ly8iiEY1J2p-6RP,0
DCpks8YwwbpsyF1exmJ1cQ,0
1piDtXX2qiZrj7D_NTX7-g,1
UxtnX3YrsgYP_M_qnZ68Tw,1
wONiA4Vl0vXAv8xsSjNduQ,1
qMYh7iBOnuufviuqS9o7yw,0
QQqQXUnrx2HUfwTmsHEeTA,1
5VnNP0vquLYESOhmbUSqpg,0
3xCcApuE8D,0
NmVeaO1NR1I23nfnRMw--Q,1
pxdGdhbkDdX7P3n3zOWZFA,0
w2Pn61o3UJzcdS3jIdbClA,1
ySsuPm5S6bMygOTA8fkKNQ,0
VrpaFtfTraecVsIXG6D-5A,1
QMPZgFEO4CoRytb9BAsPcA,0
TjYkwKIeWAAurWb,0
x7SJgeNkaXehQHsRXezixg,1
6iHxiTdunSlX1Fg_nGIEeg,0
m3IVqMhVTYzmvVd1p3WeUQ,1
D__bwcugPytVeqlwYwfZlA,1
sqP-k3rY9rOVm9YRgUT4fQ,1
5Qhutxy44TVpKWPDUlYG7A,1
Opx5vMsP1sZSciK9F9t2eg,1
AZ1I8-GLYE3cQ5V2e_8nDg,1
aTMyjHiKm4yz3NdS1sJhIw,1
HmXtm4qyGs43ronLqzbKLw,0
2jFOUEGZaUADU95YJdTtOQ,1
O_dgPZcVLNZcjRueDlpvxw,1
gBAKw4wksDwMPQnNfZYo1Q,1
WBuHZ1tjoyWWdzqgajDesA,1
4RQlcyfYBU5FMvbXIK7brw,0
BURi-TBJapfCoJmmV41VOQ,1
FAUZW1v1DGYesIaq6Xfe7w,0
76b0OKxipXA4gTyTN,0
V2mPuI8fJLoJ9ZQesRxc5A,0
CAw5l5R7Yyt9PUEHt1lzfw,1
PY9RzKwk6RW0DBuqCSwZ,0
0GzgZisQn3I_HGLCHhYnSg,1
LgQINSoIrxEEACkzxYc26g,0
fJc6YaY5QYocBFGZu7Qobg,0
zl9AUygOKJO_c6dxNyhq4g,1
sHMkmlZbSZ50lddxDuNfuQ,1
5xfs6dCfo1C8L64X1dQRPA,0
yFGe2M450oTTSZ-haI8Iyw,0
hQ0sgQBQKlFecI4XugcfoQ,0
DnS5KSEyVD2TZGOB4LXpPQ,0
AWHZprdit9KnlIVisb4jdw,0
DMETm2-HcuaiPOR3ud4Nng,1
HMAlX0dKNANr6-7GHpMJWg,0
kEapY3rk7mQWa-T4UOPoqA,0
Qg3p3Y6qv7VnEgS6bKL-,0
0zU-k4vgQYL7AWnI6HGzoA,0
vvY31JxsjEwz-g5MuGN3Mw,0
5wleo19_-nLP-gpxkpuzbg,1
Yflup7RY9IdRjytoLaNqWQ,0
OvBEg9mc2CSKTulsbWz8iA,1
s2fa9eS2OVSlyW-EIBXyhQ,1
XVDfJjtxq_CT5hvpPsfAog,0
2ZUkBTM0ZHzomHUZmDXf3g,0
iVv99WjLdHh2HP-h934FRw,1
VwOj5Ns2t-vO7edK31yvUQ,0
45EV0qcktBXWwGCqbjGOrw,1
UqtuYKwbgb3puM0XSVtPqA,1
NVXbU0THwLJX1O0bwU25mA,0
4WFTFwlQDLp-f9DcQFWbsw,1
ci0guqCPmwKpXhlH0wWbkw,0
aCTZ46sMLpJi6JL1JhOFQQ,0
QXJW0MfkuwaW8hgJMlF-cg,1
bPgLmxkKyp9031Pr4cee1g,1
YvR4hbEQECETlhjc6olGjw,1
T5MxEOw9veV8fdpGYJLqmQ,0
y13XMvM0Kxv7BF_vPAIg5Q,1
CLkrufNFAvxeW8kQnjinng,0
GkqlbKbwxaxLvPT_Ze0wdQ,1
zt0wwRq3GH5-bqTfVvxPew,0
TxEjO-mo0-d4q0dXieSwXQ,0
3PLBcbyp8zQarwcI1SB7hA,0
Xm4ot5Xxca8XQ6Vll2ugJw,1
Ceq9cs3DvXlDUcZPq8PooA,0
0ZombCrbnfOhtJ3c3UVNEw,1
jZ-nsJio4x5y4CUS33oEsA,1
BQtNHEeoZ4fJxuEaT1Cy5g,0
cT6ub8jk2TUmNXYct28Gyg,1
gudW-_Y-bTt5RTT7UcQ1LQ,1
zilj5vTQ5QFIU0IErRWmGA,0
syZXtWjNfyHuCrsnibbl9w,0
l74H10K29JhsAcGhIpi32w,0
eCau7fzGMty72yo-Ecvnvg,0
hlowvoN5rQk4fGTAdXd-YA,0
iisDwg07qcIU4UNKJiXtBQ,0
SNAC8IbtTjI2C0ig1hRdbg,1
C5bs9fTz5MVBl2TxN5V0fQ,1
qJXyBTcJ3D_cJqg6UULYWw,0
EnR0tLuSJVQY47eLxoRHQw,1
YdZS3QkpjgHU2zIJ_bqy_A,1
xqh9jEVJWrxoLQ-IVmDa4A,0
vOH9-_Nfn90k1uEQLd13Pw,1
0kkT4QOA2emSOrBb-sf80w,0
3mfpWj8rUMAsJBSoikMdjQ,0
qWrloFOkvv45DaOa5bzK4A,1
dovAyNFm3cHlwuFXyRJsVA,0
uJsGqpK-ji-mlOFQsWiiTQ,1
SkP55qEyMQce36MCPMeLsA,0
qt15j0g7tEeEogukuB9wew,1
6ZKY0UOWTv90cz87tHHViQ,1
FUKDNB4v-nv5d-wR-dhFhg,1
tgIIxzdsz7x4bUc71Bdvew,0
GDkmdjlPkbPSUtOrYPSHdA,1
NbrPu9_rckFybxLDou5pzA,0
5fgbf-WyYp1Vq7nhsOq3ig,1
ctx0Sv6sYXnrrBT9xxrCJA,0
cBbItUA-JU1CkfnILGJAQg,1
WaSYEKcN,0
T7SGVJ3CELLX1UNosbC7cQ,0
ma42AKjh3BMyglyxu2LAhQ,1
bNEurMrjcQSN-7PjV93xsQ,0
PJcOOjebn86geLXG2qPB_Q,0
lnZOy1fP4rOAq2ClduINkQ,0
i8q5Kuls9yt9So5tc51Skg,0
uLgqhddq2Qjlev4Ghus_xg,1
oaXAy2hRnSLEDEb1zaGZDw,0
jib71qDJv_XrcPXd57dyZw,1
52b8mtPhqt9zErBM4dSEwQ,1
3pCYb25sParrL7ChiP2RwA,0
vprQtfJ04D4N,0
9BMhpvgvhKJTiFUZAOO5Eg,0
eZajzRTG4su011pgC1J_sg,1
vNXyfUDByicr6rG3Z1uQ2w,0
yaLZ6VC7RDNeKwjmLE-mQg,0
HKh5yrYVWNVqclBGkhcvBg,0
uPJXN4sbWPO3dFoFnbUHTQ,0
HxamAO1RAijYXgVAfbM5Mw,1
glxHjJ_QiDa24zAgwz9e8A,1
1bgbKMIUfvzmG7T1pfDu-w,0
jHO207WK1tA,0
Euj9YR_Ixqwgc6PGTEt0xw,1
kv-flwZ_OX10umZFx61tTg,1
5SwIGjerYrDWg9pULGd3UQ,0
BiNLWnyXro34tIDJxTnHDQ,0
T5sNNfJc1zAGNyK8A6xthw,1
46gjxXgsTROWQtKNmL0h_g,1
cnIKHWYSRzFNg6VH6Pt9cA,0
TbeECu4CRFU_5HcKHyzhow,1
tcPlRBWgTxD2XZPoiY3YDA,0
mE3jW3xMPu3ED1nSSQCGWQ,1
Z2dUVwtaEzq5-2IGA_cc7Q,1
vnKsP5nxLsnlkq58-66-bg,1
CTFkTrvkT_emKDmPTyHgtg,1
EM01KHUbEt4vJBPS6nefCQ,0
QM7nxp-HxdqDk5GUh0WoSA,0
jaL4zkE2zNmszSwAng1Ttw,1
3wlgYcDAvz-u6gerXIBo3w,0
M79RauOmVaTdRx7OHlogaQ,0
M4QPDCFr_Aii5XxNypEglg,1
KIcpR,1
izqVIOv4ogTona-yNCV5Ng,0
t3dYxVgEAT7V_RqgcgJ6-g,1
asY9o31g7oSlJMO78J2epw,1
xZ6LUetdqWLEtc44cCRqIQ,0
HDfhT02Q5rFaOryi2AR8nA,1
ghI9ZO,0
Afq0KDUhc9C9rsRUvV0gGA,1
rwsjDHCeddfiRKNbGZ2hrg,0
45tYL5RWaSuxaeusMOymuQ,0
Yx5aVdEha4vJ,0
bLQo0bw72c-ex5,0
Dur7FNM7OmES5t0UtLBRjw,0
mBshuXr41oSZUXxogogZhg,1
6bYn_6E753RZp2K2Ml--zw,1
1-3UVWKBQdxsO9-B8PqssA,1
DKgx9tIL217NeY7XcBACrw,1
DchwPDxTXQTV4VHrmsxiVg,0
qpb9lmaVjbR4wJbFwEKhqg,0
3jwFgU51uPS5bFo1uVbOvg,1
IO-6EMbg-iq6btyUKpjxaw,0
kCVJhzsKMnOu_UBPvHhvaQ,1
fyR5LBPWod9jVeSmgs7WTA,1
H5aly6Bzh2LMtYxOEYdtOQ,0
Dww9NUjvOr8lYkszPCVAhQ,0
0jrC,0
r1yE3PSVTbk-XsUiaAL9AQ,0
tQ5aMC4K1U7WmFI4f1e-Yg,0
oC1hcTUBTfvkcIFmO8jSHQ,0
n7Y,0
UMJFDjzfpRTK,0
tIhqQfGsBMkpHFqEzGtaag,1
Zd9nGJoszkdT9kOizXObtw,1
2o0e13ye-3rDFv_neWn-1A,0
a3PlHMXaKnxqRrYSfmUHdg,0
XcUkNfyJR4mt_usufFwSRw,1
24y-z40s721aYHM8lhOJ9w,1
MrAE72dkjfv9XTV9cVKPyg,1
L-9LuNNKStJU-brvpa,1
3gLNVaOgLz7IHJBfM-xgoA,0
1zXoKVbI8p8ROazk649FzQ,1
MMUwegHs7AP8GGCdBdHEVQ,1
SDeKqiVj5NWCJEOul_snww,1
2AnYuOWgK84luMAG96STbw,1
1U1Fkh75b2jRVjBV2X-37A,1
IqeYYhRCv1GnXLXSte1T_w,1
mVOij92gzykMLpP7KiYirw,0
P-p06ylsRAFDiCa9iXD7FQ,0
qiEYw,0
kBgo2DkfaFSlCzdcO0sxZg,1
OGcJOUdJdzzlb1aiiP4Wzg,1
O0of7FAQt0g3Q1mv2Dbb,0
CYk4uhausYB0lyDh7A9ggw,1
INTL01yD015HOR5hlFI1bA,0
Nd0brh5QrA0MAt6xtcfmjg,1
QXZu4KomFVIA21pCEsDIIg,1
OcE2gBSB9w2rc8CgyV9Uqw,1
Rv9vsJzlH3cyE3cv0jaDuw,1
E1T03SbcKYaqUhJbePajkQ,0
keXm1hXcOoM3yToiQpzyww,0
xO,0
f6N0BmRcHwScF2dYAsYS-g,1
2NWbC_d-TvtnD2axuf5VKA,1
eJ8BYK0RQqtTmGtU3SIirg,0
nsNONDHbV7Vudqh21uicqw,0
3u,0
az7Av,0
P0yXD-IWjDGytV1Nd6ZcQQ,0
D7GHtq5MXj_Zb1KiXBOwfQ,1
tRq,0
m77JzIFyUfFvNBeGJEHavQ,0
XDfP05kbAPl-cX1vGM7CBw,0
XTX7TMmITbI2Q31nGqtHZg,0
Hi3ETQcPWRzSzNNqPN5nrA,1
pXUfpA5z8yqZd3SB0d8hhQ,0
-r00kburu2OgOxOlAmk3dA,0
mM44cB-52YoYNDCpiIK3HA,1
ZozQxnDU-UBYGtizY8Ts5g,1
9BVeSRw3_ygg0CTQLFxQIg,1
Bd5ORiIKFwYAwBPC1xOD5Q,1
n7Z2Gn_hHzjwNSgPLHZv4g,1
cl9jJZK0RrXRGQRq,0
XDwWfHwiuUb00aByy-cxvQ,0
eZ2g1rX9HvF2XwjMVMXiLg,1
a-Rf1BHFYmG7g9rF9n79uw,1
OshtuLW6INrbFgKJ9LCNcg,1
iUyCg15uZ9oim6GEIz73XA,0
Q2kCSNegkd65QvadnKdJFQ,0
qcW4ZHqPe6Wn8mqdUQ30pQ,0
ecaNl_CRfAeR4-53zUEP8w,1
n4R4zGSQqYiewr7mR-_2Xw,1
vJDl3BhoYKdFcN-YolJYoA,0
Ow-ZRj_05vHw_d1FF5xhdA,1
7pSL11I7eBp8Z-1IWLs6Ng,1
SdT04O8odImNM9HsevhEag,0
H2WU9GGEgOvBOv2P-NxWLw,1
9d6OG0VDwf2WqnyOI5B1Xw,1
CtF,0
JcbVqIh9oWc1anC5NW3kkg,0
UuX966Y5rAXYEBl9rHtDpQ,1
GYT2L1AVisZ8F2BMgO2YhQ,0
LSGTepwNvFVVazXye8OwNQ,1
Hw633lFbznPQjsx0qyfIQw,1
ZzmpFe3uzcpzMLR8Ncte7g,0
mWZ3GaeBdu1JtDCg_F-D7w,1
aYMIu4QFnUFGu5s7o2yN0Q,0
pd6,0
9KypD7JltPtkYMmYCCHOeA,1
don,0
D6xu3VwHVhIYm,1
UxvExCjLzwUmpFPe0r3jlg,0
uq4oYX7WcfsgZxSx1307Gg,1
Zk0-wvM40P8F7tSah2v61w,0
9Lxo_vcudppz5Kg1OrhgMA,1
6ifA4mAQ3dtz8ctr5eKwFQ,1
i3JISMlv2vronFAsJWYVdA,1
n4UEE_5_TnKjDd0BmnecuA,1
YxL-sRQ2HTwiFuipzSNOsw,0
mBs7K1yI4BaoOEQyh-Ldjg,1
rBMb2TA200UHm0bZgpEP4A,0
XyxdkgxftkhbjmiuI-1,0
Ft32raMU2_Qu9m0_1S0s9w,1
EuXL3Fqmo7YnXjcqef3oGQ,0
dGVsVP5iKP4W9-mcwiX2fg,1
6nb84EwNN8H8UfTuivEj0w,1
EtNdR6eN7GROKbscHzx7JQ,1
d8QTWQ6ZDhAs8T5ZRIseTw,0
xJEnPlIjGomP2kkbFka8Qw,0
v9yGEs6xv5D3cM1Kms7NpA,1
nK6vDEqtDdRW-4ADrV1ZiQ,0
7RDsfpgk9MXr4puowB-LdA,0
V4ZDrCxxTpk14EC7jRDd5g,0
SwkK1qqG-JtbnZb5KpP_gg,1
O1ER-iBudkwFeheqecGVpg,0
QcV3F0fQNDBVEfd-VVi3dg,1
mwGvjnbtq1F8EQFPN,0
MGuH68M-5SCrM5M4OuIq2A,1
QgIEGLxlhLIPCqZeplmsVA,0
a0aPw2xBbW8aRvKxBZUEDg,1
gxJw8jjh7Wogp3hYcGVmpQ,0
YOBODr4xRbLwEHoNYtLqDw,1
bg-yRB,0
nvxsyMoEFcUhj2_4p_pKUw,1
QPELuYXPr0sbAqLR0d5clA,0
ypuy3GIK0uWqIGySDPR63A,1
TxEuRRAqBXOJcEhDckmnCQ,1
U8QpUBYHg9ZSfsaACRCOEw,1
nK5r8a4K97qveUzDh8WSSQ,0
p2fmrUTeV2ALU6Ub5i2DCQ,1
BRSKHDS2Q0snHydXQTXbFA,0
B8WV7AjeqBY,0
dpNeBTlFHCph0lt8bav9Mw,1
xobMg6AOVLFFcR7oCscj6g,1
-6fsnalp4hfiuHRGUha9kA,0
emLVYT-LnCRZuzoOpCS3NQ,1
RVwuhitgN8ZRhJnBAtvtMQ,1
150IeZPmjuY89IXEDHVcOA,1
69hvBNwinb1W_yRJbMSA4Q,1
hBZZTwpXztJaJaLbjeQvJQ,0
tIaPwPjtdZSDM5PTMK4I-g,1
PEq584ri6kr8LYUlqOBkZw,0
1g5JGwP86ivmN3B32m2CLg,1
l5f9ne0juM9jajJAO5uQvQ,1
YdT9mI,0
pZQ-Bp8Hra3GF_5u-2b4fQ,1
AVdOsGDqMau2hEPsixRzfA,0
jUx94Hh0UPfXI1TwuPFLMA,1
EMum4s8GVpJIxTMEt7jYAg,0
2nNS2ZEIgmMN7dS,0
1s44c62mbQQcPCTYryu_HQ,1
RZXbnIdug84EY0tuJmr_pA,0
PUXIR5S-Fcj7QD1HID46Ig,0
laPkaTpZGtObj829ewwqaA,0
LXFrryHHxf4dZZvo8t0C0Q,1
P70lMXtLigOFY2l_ZHfYNQ,1
IW46gzs4FZbWhQsgrI2ftQ,1
fWjHGRSrSJBBwD7MhHlREg,0
vurMe7AWgqYvp3VufZUgtg,0
wE18z-CnFlysVEGnSofI7Q,0
FkXpr1ms8toOZ4sUWibPNA,1
9lvHTQ1dS3ajJaPUIY0AIQ,0
vR0SKIIfRVLX97ZKF79Dgw,0
6xyQqckpaJq9UtWdo,0
WqPthclDuubUDExxDGg-nA,1
QuvN2MY_g68e5ZlB7qq-4Q,1
8cMTp_9yC3jerTMvJvb21g,1
emqL90Qra8hzVIjI-3mEOQ,1
ehYQEtZ661sIzluahOA9Mw,1
vNWeCWKAonz9c-5mnQ6U-A,0
JH3rfRQnrlDP1g8n5W86Jg,1
FNPL16hZGGy7GVrMpLgIhA,1
XImvzIcci0lMGsko3--k-A,1
2W3H6jzwKIiDox_m09xcrQ,1
1dkca5SAD8Wkym0xALAeFg,0
mUm6UUm5rp3ByvEYhYQFug,1
V4CRCok0BsrCtr6p9xkMCg,1
evpVLqpCYsUFxcWEmPNi3A,1
cMVw6mddYS-rJZl8CX5u0A,1
C2NR04hx3RDNGo58OCxHMw,0
74yWcha,0
e0gDyK9ljzCMGAKPKtn2Gg,1
Wz,0
2eAgiGfBrwg8n51MuXUnIA,1
4gcH7UK70rNJV3XnZQYeRA,0
J7rxB2CKVPejGaC2ZESU_A,1
DQvumUP2mouV2APn7UvG_g,1
V5xdHR1o8NQQKlifmYRzjQ,1
aUdY4_QvkyvvhQy9ibgMRQ,1
VjUjo5FB_d0g6U4eSr2Y2A,1
tOOo6vct5tBnirjUKtH1KA,1
kk6PK83Nhp_7fToBgEcgwA,1
vvIdDbpsgFv-iPPsX2X4KA,1
X3G9TdtAD3aK2n9P1Lz,0
L6Uu1rLi,0
E6NcwEj1KdbtCSf8w-f_sA,1
0NYscxMOKvZWorwhwxsRnQ,1
6WnZeNlUUThR9-DDgipnCg,1
abko9QI,0
3EjHdW8C72m-XuQO4WmM8A,1
53T94guk-dhsBMLnSh_ewA,1
1PwofDYD5Ft7pAw4nd7gOQ,0
c873qXaH6Oqz0BklQDkO3g,0
dpKTFg65wNZqJHPbHl54BA,0
WyzPhLWL_oH0kelzrKwnYg,1
UTKTQVhlNTQDfrqnqqRndw,0
I6JhaXIO5Z9U155LtyboYw,0
nHeIeODKJgbHeJa-UGis8g,1
7sbMLy5tOsRR1DJzibkh3Q,1
rOuM9wOF0dTarotGwj8Rbw,1
gUcXxCjqK7IGByVsRBwKgQ,0
AzlOWhAao6eKIWhHTm3nfQ,0
OB_b9f1MeUXvg257PYHnAg,1
bszVJ9Wsuqtqs8BHquR7qA,1
gjMWmdgLN50PAE6UEcmmBQ,1
QrC34RuRjnLHskhSmuVuxg,0
aVaOod1yo1njJPQ81Wx9fw,0
yVR1cWHrPT2fgUgueF7qAg,1
gkDVJyRp5fyYfzMOmOFGKw,1
tpo6ynmXjsawRIPSnwhEVg,1
2UEf8f-VxbNA0Vg-PTQPNg,0
43SLouVAwi1XFP-abOMFCA,1
diFTYYjrytCb6GM3yK53rA,0
Asa,0
9K5KDx0LJkEH9Ln4eD8FZg,0
jlV2i,0
l0QVr3AHqKmA2zyC2sQ3AA,1
B6Ss,0
FWf,0
aOn6U,0
NY__R0St0nDIBTjbgw1vaA,1
IQIj8EPCsbnN0ljB4GqZWA,1
xB9OXObf8BeiS6qLTtPxAQ,0
Kqyw4VmNBCti_Fmz1WRXWw,1
7vrn048hq1dN70dB8HvWHQ,1
K7ymc-ekZoM_cYbEMcVHCw,1
P0Tk1ZyShnB79Sc8rJzb9g,1
y14OgwndSIvY-gSlAY8qvQ,1
3a542vt4GoGJbjV_OfOFWQ,1
yKxf2NIwnD4Bpr5A1HopNQ,0
ZtUzca8o4lNVVEXeLntHIw,1
vs7q1kZS1,0
bIUvYTVK0O8k7Ca5tEOG8A,0
abwiwHupVJHeTonWbRvIjQ,0
WNPX1sX,0
HT21MQlr1MPCEttnKeRVUA,1
n0JScI4,0
RKTPVpEVoqaTv,1
u5qPoclAYBCofUbd9FAV8g,1
CaS8ilmVHgOESx0IT1E3,0
M9qkMFK1OZSC-Q5SwHIjiA,1
lBhsKdNNBEPxwHyuMs_X9g,0
XFcpc2WA74jwU2ZeJ,0
ZNUMsLkgHjqv4cFLfU,0
88dLaBPyS4mPO52d9fN2PQ,0
HMBYUn3vexdds-6a1A,0
0a3k5wKoqBGBPbmbd2l4hA,0
QDsEKYqwSX3emxwjmoueJg,1
6u,0
OE6iXSMAbZnFAZAHscJ,0
DvQKgXq1hPhe2r1My71oBA,1
D5kBHitvmAjR75his9XMiA,0
l9r0IuTFhDzdDyIxHcmQUA,0
8MQIy7pKd7-Hq1ZHaM6WRg,1
y2XWGAZoXeFIyAPKnWOB1A,1
hgmiDz3x7ezEVdO43-hhOQ,1
-pXRempNdyHhEFr8nqIV,0
OSiO98WbZa0mEzZTX4gkzQ,1
vADoYa1UysLghzj1ahS_bw,1
_F6gudyET1JZZ6QoqKt69A,1
PUMJNcfkBoSz4rDvpZWDxg,0
_ZH2Osi3gBeMLSSo92WrDw,1
JAVRDMQQ7-bcC9fGa9nenA,1
0GyRanpdr-jYseyLoOk0YA,1
pZJgHyuMr4WO_RO704rh4A,1
vsuANHFQAm5AuO5PEwRNbg,0
-568QkbixaHfXUwgc7Rlaw,0
ueCeLVQvMSar,0
pio4xACUUQ0MebQA-Wvd-A,0
z2PgVwn49ANmseVQTjSMvw,0
ncBUeI_Rrpc1V6QYa3Vltw,1
TLZOtw3YBliFj8SVvpyCVw,0
RGCu0CDlWtG5geEBs_rwyQ,1
Yf8wXGF4sEtErDFiNs,0
qdFigllqOBXCOndg2fZwtQ,0
F-d,0
hL6Wfq,1
YKRA5WRbSwuf1pnucutKKQ,1
Mik_iq3iI4xRa8G5TT2XMg,1
iyulzIpRoXKrb2rpAdPvmg,0
IsuH249hBEoTMEFf2BkKZg,1
Ij0wDKvdMnQ2PnpVO89Zdw,1
JtuTsdrAM2,0
JFtzHmH4kIBmwG13vZ4yug,1
htt3dQnR0z55un5gOOfCPw,0
-xzHwvGl,0
N6kd-nV4zIZqnNaMlc,0
bY8J,0
khk-xOwzgLYn0o2u3pwTTQ,1
y9aeTZ-LKby6ayjzjOtW6w,0
Oy7x9JRJf-7DBv_gQCbi2Q,1
Rp3P6Q3_M3tyY-SdzRIbqA,1
JvrVfttRp5acLem2yLz57w,0
ozcIIpRSZsa98orAVHeN7g,1
DsQdCaq4GimRDcigCeIdsw,1
kjWUjPDKVxJv7fMyM1iOxQ,1
Q2q_Z_9AYmGIRHozARCx0g,1
8rsU3h0Oh3b3Cq94b1MaTA,0
E1j9zN6fw685rOEBuUjBVw,1
uhYEd0ZOh0MzZmf0ghsxTA,0
ElxnoujSgAfSh7V_QkCpwQ,1
Z0L6NVQSULqFDCZ8hl6jNA,1
y_TTqDsoi4Lvo4PkT3leow,1
RXBZeYAGt1BVllRYhIm0oA,1
Y9J,0
6c5qxK9MjEEbyflGO_kmTA,0
nAkKNReOfuAd6egmQLsVew,1
6EhBRwCdkSg1TIKoeLWFVw,1
gCxg-zBMVOxBuBNyYU11Yw,0
p2VgleWZg9HqXw1nPNGzOQ,1
EG0mpYEp3ZGpgBK1hMpFsw,0
IYwg46n63fP-0v1EjpR5aQ,0
u622mkYoRAITKNWnMv9BXA,1
OUEp6hdVDbP605KyC5h8PQ,0
hYPGQ-SqV0ZRvZ-xAl-42g,1
jYh-Po3gAaLwTpsMuIWyGw,0
noxruks-Rep2sjuKjrVQPQ,1
1xC7vzuP0xU7Xde3pUy_fg,1
XnAk,0
dg84uwmB2wtTiwdYN1mJsA,0
IZzD23y0xGx0FtL-HK5rrw,0
aKL-eIEq1z29BicFFVwmvA,0
yhk2KRwOLdEXE7BYQ1DyOA,1
Y-zpgMQJI5MjkGbcR-TD_w,1
_7t3twnCJUSMV7rWryPa6A,1
zszzTsp2BJc-ok7veAYLow,0
PsGTC4l4j2J2U8ThjLGZNg,1
XvigrtrFOwqVaCh,0
xZwKPforSAOqFxTGzeZ1bA,0
P9Ske3htDM3FEq858Zm5YQ,1
V9nfxzGl8M3sQzFqYxELIA,0
IKtucEQPBIsAtW0oEFjSuQ,1
F8jWfHKUF_gJd1vIBd1eXw,1
dEJ2xD1eMP5KmEwRjFgNpQ,0
gcQHVsGgKOAXAwiEOJze8A,0
5C5GKqC4bDG8Eg,1
rBdKc54O8B1nQtY9IhlWPw,0
bAAthHLtwTpNY7xpY26rcQ,0
YhZMfAd8yXrmErFIl-WfkQ,1
l5OheuJAiwx75afc1TIpKQ,1
I45paevMc4VR37jHymg4qQ,1
g5s-30qC1Vz1bXbyfwU1OA,0
o48zhF6ZgHieY,0
jYPIlmNK7R8PNRkE5gyOaw,1
EBhD1SlS1kDVvKnvRbpXrg,0
msY2S-WDw1qFZAMCeHUYkw,0
SVNsRgpKGek8k5JKzuOMeQ,0
DjyP-_a47W5QVTd4qrFwRw,1
QB_9Qq-5A4oS5X8889dzig,1
eS1QI6,0
_85NBUPiqngmvdfb2Ujc-A,1
-WEhejHSakYpvCZK2xqsaQ,0
a4EH1WA7HoDGNi__sItpKw,0
GV0yWvjkzc3ky-MnvPSkYQ,1
uR3ADYuk-aSs5ev-O4b5KQ,0
USq7RmktgCI96jcXOp2w2g,1
DnLhL5xDfhj1qji3jXTxSQ,1
9AcHcldDE4l7K,0
98xMEEZ1v4GYQh58zB5nCg,1
CIZv5QhNX6yzJQFUscPX-A,1
8uS-YnXVN9UCxyHOjOVbug,1
RUFd8FNpAVLahQGJk2T4Iw,1
RQXte9qsUvihIjKouPBd1g,0
sUoQSYpvIHN4rewgU6yENA,1
WlP3N-CWXX5PAr3La9QylQ,1
VfcQKHDRdmGZ2X6wBJOrrw,0
Jy8aFgefj6G8jZuEQ9y,0
TUzAst--3xM5dO9Btd--hw,0
p8cBi6KC5h-jXEagbRACVA,1
CY1cJ_o048LIYm3A6axTMA,1
nDfitTGmn_kiqBhhyCXTog,1
13c95Lfw9z-Oht7bK2Q2kA,1
lRZbVh1UaUI3odovKJpZOg,0
LBQAWuGOOoTU3UiSLGdgYg,0
LXMC8BVr8WJ_CsG2dbaNoA,1
dPfQTGxVLA554LzRxSyFNw,0
d7VgDhpWPhAYQz-yzi4Xhw,0
1ldz3UWDKBqLIBQ-7d3KfA,1
NrMCh_ZtLtKHBzwk2LMoyw,1
GBeC7u67W2cGdV5xuR2mAQ,1
HZSc,0
Qgjm22TKH0Uo9ColIjFehw,1
TuGOUfkckhOcEZibawQzcg,1
G99TJ6SXxZtqolFe5OVlTg,1
UIfqQbyPFSm4vXYVeYyrIQ,0
ARcJRH1elACfHmI4tRQbDQ,0
WTWgx80fsrzbRz-Z-M90kQ,1
LZ8QASulSqoSUUMFB,1
WJzfLJyrWefcVRoYAc7b6A,1
kVPXag7hPfcJNCld24dGaQ,0
gyhyihl9jnDGM88Bg1GgtQ,0
Nn-fpDyl2hfqxbanT15k2Q,1
14yH0pFfQUA0cTQgeWXrxQ,0
Y13jWgXADfdd4SvTdKQnxA,0
TeD7nnZZlN61FRy4d3eT2g,1
Sha0z-iNitffC_YEZBlL2w,1
B2OrEYrB8dZcedKRhxsKEw,0
wn_IUzGBRvVI_QY13Fe8vQ,0
TibCElVTZzoYlh99qIL4Eg,1
korTIkt-7MOlB,0
Vgma1C2PaQRrtekG0Zm8Jw,0
slNrt5J1h5fAgQRE3DaL7g,0
6sZSOh3,0
l-FHWNUxU207uxKGz2LWsg,1
c72OOQ8LaFq9bHpRCVGQ8A,1
_W7o4A4jrLjK5Ew9FHvhcQ,1
z6QmKyWMFF_wCxEM-9GpKg,0
o38_MHTaDhiTHD3MBie24A,1
xUnFElvccghpEgDTXD2j8w,0
rrIecNZ8FVjoiU6OhpOVZg,1
MRE9n7oDZ8TEsscGQ35Z9A,1
3TWDuMy0hBVRFuKDcZn_mA,1
SmNqyYiwOB5o5kK2evAwDQ,0
qp2I8IPFNJxC5WyX6dy3AA,1
dxty5SQlejnqU9x8mzsgGg,1
Ko1s7jjIWn4fZEdCHS1vNQ,1
cGdSMegeSAJGfGOVBx1yxg,0
wjpB9cP-kDpuUbsxorsWjg,1
Z4B47DuQpZLOt5TvS4N3BQ,0
aQoyYnL0PWRo7Dkauk9OMQ,0
Bl5-fMwvc-AR5KOYZqdh6A,1
HyiqkPYgtBFbJHzIhYWASA,1
mLie98XPB7VBvXHnIDpi6Q,0
1F1b6ZNllHUKGk9vBv76oA,1
z-GXeDpCfxJYoE7vaVIv9A,0
JnC4LXTGpbezqRI2CMBAkw,0
PydyUnDPo77lUgRLIwiylQ,0
Ih-6JTJEKBw2zvjKBy0jlA,1
Rfe5p9tGL2hf2K-mHvfrkQ,0
YLbxmApIz-rz4ZgVZKLXVw,1
sbR3FfeU81qeHto-pgzcGQ,1
lFTRQ5CP7Bpukzhms3uxjw,0
fcruW3FEPnsde8DS4MigBw,1
jfn3kknSXnF9usIQxf-bfg,1
2bpwizu422-4D4zcS02Hbg,0
Z8btsCNH,1
Lh2KWUlddl0ULRkOJECKyg,0
5iAaRPPZnhkIx0jUBYcwKA,1
jqKZzN-J2urf7SIh1m5AvA,0
nTc,0
bTPRRVBbdUntekD3KRPYCg,1
92EPagJWafqSHGgccjbaaQ,0
Wkd0d,0
KP_MkhmKiyZEPYbl5kSqjA,1
p16GILQeLoDEQzqQ5OGVwg,1
RO1k09Imxd2DPun9685kxw,1
oE8TZxQfK3hfXAfvtjex_w,1
JWXX38uSZIxpXeqUyUtboQ,0
6Mkdn7jJKq6LDsGSxVabqg,0
cqcGDHlW08JlqKpmLgz8AA,1
ic6mMOyc8BidGq4gznQZxw,0
hgKfitn9QCNyuhDTboHraA,0
mP86vZlLhxDuWB9iVB78Yw,0
udW-THovNswDIOHPpJS8Vg,1
gJZJLgP_d2Lm187TD-0ulw,1
tdIBVBFytc0qPsHtoOsMaQ,1
hvRnPJhv2YAHXp-5E_SlCA,1
MBQTa3mpJzpll2g7vfC9Vw,0
pcbKuENbe2PO0lPrvBI0Zg,0
7748okR4ecZFP0iPsSGjWw,1
JmoYefc-d53zj9C-3ENc-w,0
x9oGJwY250FP5Xach25Acw,1
c_7ifsq565Mbr6FW3c9oPw,1
tHDy8LozlejoaiWnXV4dGg,1
DYWhhKy,0
u0p1OBC0M3yeoEOQIhsSYg,0
nYqKkuepz1mvQ52J-0LiQg,1
p7CdrY4az5RwqwKbEDVmfA,0
3A7gakkdQqJxhfi5ptKNjw,1
vGomDly-qcjFtLF5dVedCg,1
W9d5MXSJjiLGBvilLcU9lw,0
6-oY,0
h1J1rml7WIUTWCJ-dHVVBw,1
TtdALH0pHCD8KBsFYpMVUA,0
90h7jhVGo771B3ZrFsGEJw,1
1ClULzx3rchqtRZHLSd3gQ,1
5WaRCFeFOIBT4ooK_AgVBw,0
b_1m9wOAL3YDL5aYUJ9-ew,1
ZiDN6uWgW5uRlSD4iDHuFQ,1
GdirkFTDqo1X0yjOWTJjrA,1
vZzlBZ-iaTiHfuPQVleeJw,0
zukcxOxz7aoNFQzaoRJ6Lg,1
zBRqcCVgQbQlS5X-cpyC7Q,1
KE8KFBiayWn-uFwlvR6HNQ,0
H0oe4Xidi0jos6NQgNfpQg,1
_N4mrgYCE0wpqMWG6RpKiw,1
0IhP6Tj9P3fFZ8-9UbuGqA,1
jJvrJuXAPI1WK1rtQw1J1A,1
ZyfPfq4c-kbgEYLBPIpYkA,1
UGMUgolpQY2CwjJl2s9sEg,0
rf-,0
4hslSUPZbeiLKjlKKQRatQ,1
HoAebaLlXVyoP3uYIxU8Fg,0
Wx9KFjpfq9k3hgVCgwUEAg,0
CzkDJjEYnP90XuIrkCjXJg,1
CuOtXCr03t6i5T6aae8Rag,1
yxzL_nAy7a9vb-vpJxsZPw,1
wTDoKozZrBIR0ZJ3-dBXCg,0
ZJuYV1gr9NBhfz1U61U7BA,1
YszBvF6BNv93esL0ZTxR,0
Z9xXKYhevMNjHNH-W7x1jQ,1
8gpdT-BVc,0
-OmRVbe0bX1d9r0tONwkNA,1
1KD_KWF9U6W7O3eudWgJyQ,1
OOebHTa-kyk8ecloFoaGnQ,1
D2to-FeQk_IOofSJdTe5LQ,1
o1Jq95jdiMReBXEfI5_67Q,1
-lxxn51nlWgdyaP1v-u,0
lWW1GpMZ-ntxAXAJaEFygQ,1
o5HUueXS6NzVuo97_C7khA,1
CqHut_fRmKQA6S_F3Ry6ag,0
So3,0
RZFiA0qAvjDTwWcq-TaMYw,0
eXSB7T-OJBoLz5zjMsVTJA,0
XRUxYMIVq6dnqI9d1bQ1Hg,1
KLpBHpPH77EoOHlucK2KFA,0
8vUTbuYLgksNFlzIvEyuHA,1
qsMhu3SAGKDhAV4bB_oAEA,1
Nu6Mo5cS3ZvBdDVQVKVluw,0
U9aYAChcOOgJ5avucDm3UA,1
u9TLUNGenDhJX9Ea7GJBiQ,0
1OEK2GodbRsHgAe-AYEK4A,1
yMLoYMApSxcfjp4pm6ACsA,0
EV3I,0
uHuddniEbpsu-GU2FfM8sg,1
TjEaZlvOLBcvk0H9u7Cx6Q,1
RdQo5HkuL709WO3iIQjt3g,1
tyOUXW0lJYZsd3zWvMbZaQ,0
1FMR,0
_8lM1dorv5DlnA4sDn8TMA,1
4hr20fMngB6dCZfghQuW,0
5NWJL6HGknGKFBMKiUVbFQ,1
XizIzRe2_ag77CvoqjFQBA,1
NaYvqbT60hxXl3fcJ3A5CA,0
AEB-Sfuqj3a6oy8OIFLedg,0
tfFJQtnHKOj0YNwk1lQQLA,1
-PJq_XGAEd_WOj8B8cz0Vg,1
1bcsLfVxqPBSg7RLtBt4Dw,1
mzDOeh2V8xuFBF8xaelXpw,1
hOVP7cL87J_qmRs5HI6iDw,1
Zag1hiAFobrzZML,0
4kYoxCkeXoF2gEqWDbJFrA,1
eyV_iHvZ-EbRsxKYFfMC-g,1
c6N3fYjn2VajsnFfOCzCMg,1
k9eMXOVSm5DMPJHMn-qwBg,1
759LJGCFmRIfDmw8z85ctQ,0
MyIk-r2Nxd6xoHsVLiOOpw,0
mXfJlIze8QHA23wSh5iVWg,0
O4xTErqLUbAWAAA13sTiKQ,1
CCWs,0
MrzNssRW91rwiVu7hzA1rg,0
mfaIqQrXmCdVsCTUOpd7xg,1
p8hHDLSjQeTwJlcJC95fzA,1
UJOBZrIlPNDAK7BHNl02aQ,0
X-ACWhu7HWhqoW2GG1VsIA,1
HwNA3re,0
IOcbOJnRGoojZH0G6Q--gw,1
xt5Zjffte4KE4oip9KWLcg,1
yiX_MCOSPgAx8dh5HWazfg,1
g1tb8RkJoxnqtKlGPccdCA,1
Y6If529VGpwErYSTt_Hg9w,0
-Txj1dR-YG5CRQS3thc6sQ,0
eD6XBJYo7Y3uf4DivpowXQ,0
hrvf0EybhoklWxoKY-Gvug,0
hoCHBvoUa131qgLaF8lXKQ,1
XEomSAgbO2Jcg20GBb_99A,1
it6A75_9MEbOCApqs36S-A,1
zPvUYbhecT8Hc-G-EIHG7g,0
h7wcpBS-scHojNvDOtWZIQ,1
gr3bbP3Lpl-YzvLYo1AHHg,1
UJo1LY5oL8tvLAm5sRUbQA,0
_Otiap9LzsfjFYdu3S4x_A,1
qxjhnFfFXFt3-isKjnBr5g,1
a-KDNw4jB2xX-xac2-iHuw,1
9Z4Bh8PVTaJVXg6KubRiKA,0
f6ZbWs3BR8V03-Z,0
VFH6jDLYysEDXHspGt8ayA,0
TGko18cLTQY4qY6yBWg-TA,0
ErpEQTvGDgBOmgWEchGVog,0
AnuAm-p7etYLJiT8gAhiHQ,1
IuiP,0
lMo-CaW5NEZZK9T8vEtNsw,1
BzJ,1
dL8xlBXmxLe2GF-o7gUWxw,1
qZ3uI35UaDboXpplhmXxkg,0
SqpAkyZg7I9cAtFTEAIZiA,1
x2RlZG31gVH,1
SyQUwKyY65JOJTDGF4OxfA,0
sGY-GFk0Xo3l8VpSyUz3nw,1
0W8g__ghDUMOZ6Qfh_nT2A,0
Jl_CuSHtn5IYl_xPgzmjwA,1
bc2cFgFbsi0K4J9-BbWFAQ,0
fiZGg93-IfjdWaRyIzItVA,1
2XBntx1g5ep5a3E,1
0bJ6M07DyKwX0eY3aXG9_A,1
Df1YtkgxltGedZd8ZthC2Q,1
KBmndxSGHJUxAtZd0EbXnQ,1
fYnTlIhlo8oFinp4DNQo3g,1
T6k-qysMs3kP1nnXneYCBw,0
5hVEDOEz1VXylZQi,1
gu8lgCi7wpADSr4bng6z2g,0
Xpn23-b0yzSJF7,0
8Gekg5w3LwGVET1Lomeb2w,0
m8dmULs8vuCOq64P-Ph2lA,1
8b2EUbkegGC-1FgbDNVamA,0
jdB2tBx77Bee5djZmP-1DA,0
dUky2uxjQPJCX4suEm_ESQ,1
yZMGGtgnmuW3OL1J9FOV,1
REeE_M7I17zN9hWYekm-SA,1
7aAqvADp2FlbvY3OJ3I9OQ,1
BUGwTQuHT94,0
puyZ3eXOq,0
-mfOomNkaWcQuWO3WVMiBw,1
BJi5QpgFVYKIaQFVXWnsVw,0
TMFPtT8WIMQO9008KpA5PA,1
RHyRxfQGf3mfMSX4w,1
N1fLXfpEjrgzquIaK0BAbQ,1
KRANUeueFAeZg77tYs3Iiw,1
Fwcn8JuqMCLRLsXoW7t2BQ,1
FvpBfd6Jjcl-sodVfRMveA,1
AZwu9MNi4IfDL-aoKXPdbg,1
beaB9NjyUoy9GnDSouqapQ,1
2QZDOW9gzEPJ2zZcHGa4lw,0
l3W1Di,0
eyA2M5PIQ,0
M6WFhAAWSNdHmXAo5OMjMw,0
c7alTFO02kiCJqSlUpxfXg,0
RqvltgYFDS1K7O2mYN3WQQ,0
95JKh052cTECfdt89Xk7hw,1
z2AdTgrx34aaqWcIDui7FQ,1
wiyS6Zoquy1,0
J1AoCqwiq81cOdbacKDgfQ,0
Py3-g-ICVbtDOkjEnNVklw,1
puNGg-QlyguKLC6PdjXGGg,0
DiqYrjKWFyAe96djx5PKDA,0
Q1MV0kWgwoBZNXsN4e1FZg,1
hI3bBclZBIimnxGpHW2Yxg,1
c83XAipRPVXasY7cS57V6w,0
UvAZEAf-YkMWw7-nB4HJIw,0
BCoJLejMnzsuTbE7OCj-4A,1
xE47ihFwJVYBEhKHTddhMw,1
LV1sWnypG1A55fVNPsJ5FQ,1
webp9OvcNBq5B2SWVoerJA,0
3LFgN4IkD37ikxB4Jymjlg,0
f1MZOQ9yA2Z5xidSI2zaCw,1
07lNnbWyEW,0
2Mw77a3rceJcrnGA5Bgmaw,1
XuulYDYSklIbLsV7dU-Exw,1
1CPGHi4hIjUJHSkLBhRsyA,1
M7Gq-t52-t7updcPZNFyKQ,0
qBRQ0-38wNhmJlp5aPF-Og,1
SXcukIDaVYJd-6TQdWBqaA,1
QBw2Cl3kWXgeU8AIVPJCHA,0
vKIRhOH8Xj-VTlpL4mxodQ,0
bd9DKl1fjSwMYWbcVBisrQ,1
LSPfArb3eGhgJCmbZOmYrQ,0
wYK0KpHfce8vHzpcwlpa9w,0
igje3jyrvsxj,0
6reizYdItOTITt5ebwJuvQ,1
SalhzFzsW428OnINkmoBMQ,0
8LxtL83l1Qh9NGFpj8o9Pw,1
rVB,0
82PzJd3AA5TtaAkzH5qpxg,0
jRlGjmMzu8hJNwKXQse9Mw,1
aViArUVXLYjcs5d3hcCKyA,1
X5wv6bY9KltsFTS5oebrZA,1
Ae-Yz5QxsVGYU,0
rsMtTf8J36lUb6F3Z0SzuA,1
517IPHphGT74dEk1w63M7A,0
pkLqn,0
SC6LT8XcPOAFe-4wDIq2jQ,0
lyVpxE0wm-wP65ZrVp-QTw,0
iaXcUcNyb1M4RY,1
E6_q3EewSCN9PuB5V5D1_w,1
KtjXsAUka22jFMYhUp,0
ufwhOkFiVHHBFyH4yPQRcw,0
JCBY,0
fWtZl8MfZ10JqXamcgJuFw,0
g6zOrVTLdIJYFKLzZTbhkw,1
k6K4yABJ7BC7yHwHI1l8Cg,0
5L21AASFwP7Us4IwVNhoSw,0
A3pE8uDs34yt2Ut,1
7QEKQJ30LyBNTaG-ocdGzw,0
zcJhF7CYiJ,0
QA5xQrcmWNFvB6oL5Z0AlQ,0
t4hbV775VuSBT8v5sYKDVw,1
tyxhCxgpFW9tv-3PKXZc9w,1
T2W77i0ss1gumounz62NCw,0
SRFiF0DlfwW,1
7xFaDYa-12h8wvgW_Hot7w,0
DWQF2cC9bxsjZjV3G9Bapg,1
Y3-8mffwWGd4qPdkNPmtig,0
13kiRPVYEIYsWkyucxfYDg,1
NwEZKcQVi-cYZ27WNJp3CA,0
YO1CDZusaL3YLD3KpWUi4g,1
JM5IGzYQA8wBnCL3El7jDw,1
xn-U96BDDxBlE59Scc0n0Q,0
06z4pHKsCmQHAcNjWSC5uQ,0
E0PEt_WJWjrrZPS7EDMzeQ,1
X2r9PoQROE8,0
qubSR1mfRU6mzcATPdYQiA,0
GmFQnloTVbG9seEedEIxtA,0
YEmA12PNj-lhNANy7CIMNQ,0
v7HQccGTQBCIyyC8sFIT-A,0
q4rm3qWcaaEtVyyLQb-h5g,0
CGcZKzXy6dhMiuuAVUacEA,0
27JiCcHomRYjHdndPLNmbQ,1
gDGpI5Hiov7ygFIGkqmvBA,1
oNfzift9dRv2famQ7a2EiQ,1
oeZ9OdRDyV7TtVOAyZVV5w,0
a2KKRde5LKe-nKxPRK-zZA,0
bRoY27j21IX1HtA9Wzm8CA,0
Ic7MAg8-DYOQTEJLVZkqPg,0
VV6piDc9LvN994LSPFQnqw,1
qjoZFgL9j4jdGgQXkEQW3g,0
wvYtBzfUiN4M0l4mHlHwoA,0
bB4pxI3LBQMnKm3dFTMPeA,1
6-slI,0
Urj8T1Eu0cTxzQolO_4kYg,1
M7CX62zGVbujAPigqg3tLw,0
hqZMn6msFDHPtL1Vpa942g,1
YKXBXOfldku7EQPKT,0
8pU3rDWTMVu0kRVSCPhUog,1
iNaIk4CJQDj993lSXIGi5A,1
JlGOZD0x7hBOB-SXEi4nvQ,0
YgbTrRUsglupgOmAyNU-lA,0
4xpZPDWZT75,1
91THr7M8xIbFBD9-_vFDHQ,1
S6RUhGwm880NezWa4EFquQ,0
v7Q_UExHtCTOopv9SVCT6g,1
5b0wbZyjswpG11XxHuI8wA,1
FXCnxWjE7rXiwN1YCuWb9A,1
NU_VrN4xiYmKIOSbgSQCUA,1
O3Kr6Q9m6vv7fGFIpR0LxQ,1
yEEfVwfYXC5EFjTqW5005w,0
dmwGjRdhX5Ql3sBl4HptRA,0
7Ebt3RdTlLTlJ-zQmQfMpg,1
UfXCmF6RWUTlTe8DtcALFA,0
fuq0fN01EAi3RwOVjEbusQ,0
aS1SVmQYry1NdSo2ZwnF2Q,1
loqwRJxXq-jUQ40g75w6bQ,1
iu7oeIQLfCoxNZXDq2GWpg,1
9j5hMzVwyme3ci44LEUweQ,1
L2b3Y5gdDuUcMMpHcQI4Ag,0
RiNpaRN9ZlS3mNkDWg8m7Q,1
_K-2XoGYiB5Nc3ca1In7Qg,1
bKWZCR-lT9qU56liQaZB5w,1
BnWS6lp_EW8OCvYFg6KZ9g,0
teW8t0NlbWyfvZYhKlKu2Q,0
xUjNe-nG5DJThYZPrRkJQQ,1
l11-,0
hVc_icVcBupdn8IkZ8f1DQ,1
Rp52pup6HfDFp8XuFQYtPw,0
oiE82dXwSo1Nd4GgLAritQ,1
K6cXvJEE0Z1y7Fk75GbrRA,0
SrMPZAg3fpImqBSQ1EHXAA,1
RjDjaxhi55YDUc0S8i2IAQ,1
U79sQQyVf2YEkMjkp1VvaQ,0
qWg4CiZYnvQcN0UAaWPxBw,1
DSh7cJd3L47XicmjzSmNBQ,0
K1Jn0zUNPBO8SZrJNb1lvA,0
PySBekUGycECyet4PX4kHQ,1
pnwhtHG8OZRK09X2E4NbNQ,0
SnwgSabAlSftxhqq9I-SwQ,0
Thx3wzNAE1Hiw5dNO--sZg,1
e_7qbfkEN6jxFu0C5BtGVw,0
Oxd87n-JqgVpMhj15Tgmew,0
Tc6_xv9k1K9qq_RpN2pyhg,1
wZUvLZXGoesFLsdQvTg3rg,1
-NNjYe9z3JdDaHYN9DgN-g,1
oTvhLEk5RCzdaD1a6F5uJw,1
KCgj9eARYJOXZrHynqzLeg,0
etx44w,0
tO9RYBmPHUGggNEymUYdLw,1
vOYbykbfyUppsYkxGX3Ouw,1
0OKc1gUHQ9gsCWsNuy0IKQ,0
ikqr8F99,0
taMrCtdQhsXManoxwJ16xA,1
0LPWkdjyDpIZTQOJ_VtKsw,1
8n0K_vGfVFGuLgRBdVMbQQ,1
iU,0
4T,1
vYNC64ZYRGX3GA-bqG9esQ,0
uclwgcRhgwNYEY6CiJ3unw,0
ND4eDe1aV030GG6g3CGB,0
YqOZ99KwDIERp4UhA4S_Eg,1
k2BTPS45r5iNDtaHSlrhtQ,0
YIoZ7wt4dSOYhM-8aUXajA,1
10o4-nfSE4PjjwgftLCLcQ,0
Jk4FZ4kEYhcY17YNA-1qlw,0
8rtHR7h,0
SwQBWjOYvY2HjkmoEAAKsA,1
6JHFnrzjolCQsz0-CXKaXQ,0
4wjtXLmFgKTZS6yJ6DyAJw,1
OIJnHpGx3lnpIUilJfNi0A,1
hcY7MrA4D0AJNo4OIu580g,0
WJx7bJGMIgwyYKmg6rHseQ,1
D5iLlHfNFrz1gR5XelNXvQ,1
u-zVMGvvfIrr7oyqC2d3aw,0
xust7BuEjo7Kqj,1
WsO6Mu-m-yrJs-SIJEelIA,1
-ewS,0
t23sscf9XB0TpFKWMJi-kw,0
pA6W_Fpzs-QzHnUJVdkl0w,1
jaGUOrs_09RzyoP-WDLzbw,1
7W,0
RyqdcI-CfydcAoth5rFmKQ,0
Mv5GKScse9wSe6C-diyNaA,1
EDwggPv0xHxy9A7tltPx6w,1
zdk2zG8-BVXIajbutSeOoA,1
eYLDxcynYUKHuJXuCYq2ew,1
yJxBNZg1PrUyzfL1X1kNQA,1
SRIpnrj6OWChN4Dtk0auqw,0
xT3hW7zoMrnugZ5m1inqkQ,1
p2bMTsg-1Ol_MSJ_LXNDcg,1
oivymLdTJNjW1vJLufScxA,1
a30yJT-pE4N55fc3BBhGTg,1
keagX7CSphaQ,1
v0Cjkvu-VYw5rhd9MV5DPA,1
rGxZbsFKSiszFm8DtDivWQ,0
iJuXCRKQVy18jSoJtKS77Q,1
pnNuLxKgXsrbdxTLm3moTQ,1
YytzSsuYSYlUkveu8ZYdiA,1
Y59nX2ZGdvQhrX7lsKxyVQ,0
87FyqQryzGEJ4NGUEOUX7w,1
jsH2uZ4ir7X3Q1KIZfvw-w,0
oJmPALJ-KND8mDvdL0OgAg,1
1esecCtUchLXO4qhV1sfRw,0
rTOFjksBujk15JxdsNUGAQ,0
D5oeBF8RiTN1BOITQN13Fg,1
00FL,0
CQtGSyvNWOZCBVNmr8quAA,0
y8y5NQZjd4VfpUZzMek2sA,1
aTdQ1Jfikc5mAifXfZOFkg,0
QLwVxw2zmMhC5LlgJDafmQ,0
I2lInAIbHEsCbrBEDvQAeA,0
UkzVzFq1jlQMkeopzUBthQ,0
q_xcZbBshnjFWDSUsXAw7g,1
BbMHtusGJ8XS_WrT9QzjGA,1
K09XRGpvvKh1H9du2fV9dQ,1
D4Yhm9neiTorv4o-VeJwSA,1
j0saDPvV8oEZ4UgZRiS5Fw,1
agqr3HiO,0
vprdtMFZEsPwrC-A6STIfQ,0
KURWqMWxYsJWwO6EJFFbUQ,0
-20v8iS,0
y_0ZHvDiQcxOkj2Lv-diQg,1
Ju7VqFVSVakNPeMWH8xb,0
f3WYySHh24lO1xeXpsTscw,0
Rl8kDWF1ssNmuWPF0Hii0g,0
asdiwQ52cFNx_uYq2PSrIw,1
KF,0
TYDoNVkmetnGI1VVvdR5HQ,0
J3x-gZ6zhw9Lpkyp0Z6ALQ,0
g0WmDT,0
qy3f8yPyidWhJeFCdMmlNQ,0
5HYYvDWTKMHbKYoMaddIWQ,0
firkh5paFXFvmG2oS8wKUg,0
Ym-vcHWgzNczaKKjMcxZHA,1
94e4hwdR6KmWcU8QEIYqIg,0
Mxo-CVpwZuMoYgPfXpsGog,1
p21r6W78NzIhwIt3ROobXA,0
cJ7Z-MaGKzrny7A9fRxo2g,0
H1Az9GYw8XT,1
VhxFMR3am8OZzu7dvFPzLg,1
NBx94gBAyuYciQaOUtjozA,1
IC6Z8xublgmWuwFd9bgDPA,1
UGYaorjk1wGmrPBV7ftVdQ,1
1YEcwuCgZgJ8,0
eRn5UzhGaTvzRZYZtwbK8w,0
ngWn4oSsPUUWMYdOLh6N9A,0
ZdwhUcERzISxFCz5Gk8FKA,1
45HcHWtvEZap3N9SQyaqAQ,1
n9Eg-wmpVVzD7YZdEy9ErQ,0
IcoVTS5WnOXRk2YytrR-vA,0
9BupkAjdbUXwGfz5RULduw,0
ljbFhGg_zoQB0fdtesTtWw,1
k2DLd,0
sUQLBAyh0BiyPM4gI8MjpA,0
-lbmtc1cGHftrQWzDpR3ZA,1
qenPCWFgcZ4AZb22O4-FaQ,1
w31HGvvBYUnzbqD_vrpgeg,1
v6miJxLnzQDlJvQlpMsPXA,1
fjBGUINZI9UcTxePFj,0
yuqiPMGBo3qqUQavXdWENw,1
elR_hV_RpXSuY6lR0zXzcg,1
GlciRMlgexsjXHoJU8sJUA,1
GO0-blYzZF6M55Kk5gn1Fw,1
BhcFmGa0r42s4oWVNW3UDw,0
89l-RaGpuuC_BZgVwZ7OaQ,1
O4S1N1cw1a3MeRa2sQmGog,1
vUuMPkEJN02P70eIE49fmw,1
BV3f50ZKyHCUXTJf1uLThA,0
Z7,0
ZPfBJUYSkLBFDBddVHKJHw,0
iTKJ_Qj0LhAqNqffC6vLDA,0
9QBtJRHfKOmgT6MlT4o37w,0
0_957J779DnBnNBc2eU4lA,1
1GgIE-zM483wCWBUJDYp3Q,1
G1hxJAN7tK,0
yBo2UcstKFFLQ5cZZOm44g,1
fO8O3c8ePLBD3rBeNh95vw,0
zj2n2p0XCaW5Q8h0w3g5qQ,1
GkjtTb63jxaCB7AQNQk83g,1
ryBcmumWQYLckDlhuK112g,1
mQSNlgqFs9VhaOfWgUbjCA,0
rEs46,0
ALcXoE3k6MD8y-k8Fevo-Q,0
LVGFgCtgJwuVzY10EFyJjQ,0
X5kbv8owvxnOT2ZJKlcQlg,1
XHgzY6f6sZL9f0mQYSRZLw,1
zU_9HpUPvT75Um2AIXPsbw,1
-o9F8onxidP-biSZzJ6tfw,1
4i9dgnRKldRrHg5aq9_RIA,1
-poyFn0w8Z1Ahrwv5oj3Hg,1
VVeIrrCT4aVS3F4Fz9TUew,0
l9wUWQ90ODCZTOK769GGlg,0
v1Tdz1nsoaMTSK7h,0
A2KNEb5nQZ5joj2NqHuQcw,1
RdW-pvWmN4Es-A7vM20A9w,0
C-yQuw-r4Rx3TmhgPpHsMg,1
woyqUhenNj0cl_SFKJlRXQ,1
Uz7C_Xp69VrJNT1tT1zYhA,0
OQKAQB5HX7fnwHBleTp1fw,0
QNNQRNbGdropMfnpMxGKXg,1
3ul8sQ5lXMS-qbjDg1Ksyw,1
PJ7Cv09Svuu4NmU1ElFQTQ,1
bLrgdenEqVrk5bO3YIXtxg,0
uDAd_9rvDU9YGBRjgnFv5g,1
bzYURWJBBFpWCql,0
7o7Wfv7JfWrq8KDX8FC3Vg,1
8BUwFLOzL5tnfIh03DepBQ,1
QzQ44sVATV0lIKCCoEDVzA,1
qXMtnVmwIM1NxP9Z5PA0Vw,0
iGRN223uwfrlYuA,0
NPb7gBgn,0
XchIT52FDrNbqVSCZlTRcA,1
AemlEn289WYkyn7hWXjOsg,1
xxjgjqKiVqdIgLhacRa2WA,0
iXEwYkzwgepyE6qhqfnH3g,0
Kb6wLIO7TMMnsmVBM_cBAg,1
8iE8ou2mtr-7b3wMhKXlcA,0
YYfaGcuyzdMMtiIG39GOwA,0
o8GmXASnlrFLhB06pFqbkA,0
CIXgIWdGNpZMGQfAhHNUAg,1
_Xc0mQ8_OJE-F3sj4fr1Rw,1
yoaIgFFCCJmAbQUhbHLTSA,1
mHzNfMqDgBIePHzstC4Wog,1
x9p_M4ONxL5X0uzZiUr-0Q,1
2R29z,0
LHcXr1TuoZ,0
7s8lE67oAxvM6XRrVhkP5w,1
go45asBumV9491p7Jkwnww,1
gyLkK1GiJ5390ffIDrWP3A,1
_iZwTXhzvV9m_vfYW2oFsg,1
KxIop0De8PaBQr525mfZQw,1
ZgK3EudBJDYpRIGyzHF9GQ,1
BG4LDY85dNk64tBaN4DXCg,0
X6gAXq3,1
eTgwG5QyGVGTwMMmo,1
JQqB1eq2x6fcfFnH-MaFQg,0
uerl,0
Qc91KV-yZGwvqbyjFLV3jA,1
AZVqp_YzzkCdX-AeJNkayw,1
762RgjeGo_SEfwiu5DQ4pA,1
hUCh8FzYXFrZTA6z1mcgBQ,0
lo,0
YKrYn9Z1royDuyLaRPhJ-Q,1
8xzOhoIn7YzjDEKz7qfWUA,0
7Ytcgf2MLLwhBSZ8BcnyNw,1
Kc9Swr9XoU-S_iNMIbzEOQ,1
5CPJ9did2X_Mued_gs3qcw,1
kg8wDr0voFK1hlvpYNnfKw,0
RZzvqPyH4vCZIxcsGTPGRQ,0
OKTF6Jj7SkHG1hLxT1KeRw,0
rOpPVj,1
pJAnanWqBQ4v55-GeNJP1g,1
wPA1ZLdpLDCigo1Fy458UQ,0
gsl5cn,0
FP,0
wNggxPNk9doKWoMno,0
ljftgxMBMbEB80WaJMzeTw,0
T2t4O6XDlOWKHNaAXGHheg,0
F0wzqYfG-VS-rD7jrOqh4A,1
RHpdVmMN7nuWgWiytqdTmQ,0
EaWg2VY78P65cjbW4npdFA,0
o2gbXWQlTwY8Lf4J51-Zgw,1
6UY0uwYJCL-WYUSeLc7TKA,1
mrUoG_g9Vug1o3InAZ4xhA,1
3fQjesxdBrHhBxwCUMpC9Q,1
dCunAVP9M5pf2Im7NCNhgQ,1
VUtqEhJUni4W7Yw3eOebAg,0
Z4ZL7gW9eNoT1KoGC9UNPg,1
lYnXdJgVelS3F3v5Ei4SEg,1
Iyld4Ofiz2htsSLHFw7irw,0
7CG3c6_KoujWnsrpY0EDsw,1
b0BDju-M-f43Wo793XRsTw,1
-mpDUdKJBdfsGg2j,0
cOSc8F4uvlyHlKE1Vs7Hxg,0
InRel1njRaLGuyl-j4x1RA,1
mGkoBfwQsKIbquUhwhF4Zg,1
uWuAzNm7HpZdpP2tSBLnkA,1
Yf22LbQKIE9J5WJu8rZ1Jg,1
x1W6Fi70ie6sKJJUbSKNGQ,1
RiQXr6XPaM6qSALEQgKPdg,1
uIYNLU08ERm8Go-zR4djPA,1
mVT0oT4uuoHkis6u2yDiaA,0
VgvT9Hc-LloD16dEIqbPXQ,0
c3rmjv-kIVNPWM4tE4C8uw,0
81QELktUwVlKnL9vyPKQYQ,1
QO5pi5uPv2SFjei1VuoVFw,1
R5aMW5S_YMxlxqAnpkDcBw,1
KLHfx-T4oPmRiMeeA29XRw,1
6vS-po7xF6_S2D_n3hAmIQ,0
TLYEZjEq33Dl6D1CSQknXA,1
6Kl-v-BVhXrBizNqv5Rkdg,0
-Hte5ZNqmfYImQKfcC4zJA,0
XSSbyBGFZEfobZs1dN4u,0
cU9tiU8T0dyk6GPuIvVYig,1
fERdPp6icoB1RHVLgXcHuw,0
naHCR_zgrzu2annOkj0m2A,0
4gtSjT6drRXkaYVkel24ag,0
KqCj1SVMNPifot4KsAnqFA,1
rtTYR0bFf,1
ek9g-5D9jSMGMOkwMuAwow,0
FSqwYycZopINRhrrnBNG-g,1
cH,0
uPJrIvBBz19KScAHIYuk1Q,1
VKNhzTx2IPJJm7WgxY2hEQ,0
KyPH,0
fOa2q81GTjvuxAWCMrg-Hg,1
6mMk2dkglD6z0NUoLdXP-g,0
1dXYLkaK8n8FHNF1nq1-nw,0
mGRdSL9a873QvuH6y2DLwA,1
z0tE3lrrr8,0
VtyMm-kk6siTiGJPtD6HPw,1
0bhLcgD64ePIH6jtPr6Hsw,0
OxKJh1,0
oz-pyZyjyiYlzRlc9HS3Dg,1
hIXY2qXtTwXmqQeN06A7BQ,0
Q-zCop89YsiEPuKyZ_gUPw,1
b6qUgt1nPVFWSBqxiggxTQ,1
we5i5IvaA2DpCTF27VNUqw,0
H0870IKQZRplZazQVKUOyg,1
qLHLHNffkElzu4pSskqQVQ,1
thav1gEPiF0lLwjdOaU6XQ,1
i55S27ETfG5KWHrxPSkawg,1
iU6J9PlWtwKLJMMHDzR8uw,0
PX63UkqJWJg9Vn5JyJt4oQ,0
b0e250bmqyZNHCKgOFlXbA,0
QiBEGz4XvIzJJnTYKSulBw,1
BVAEHzrDEmMzXl6h5bX0ZA,0
azm0dJ6ngth4YPQE2Rv,0
IbGP36Sm2zURN58-HFp5zg,0
6-0Qs4ltucFcbcS_imB8Eg,1
ZAfxr6caQFsXrQzHkgb_kg,1
0vXPC6VH0sbYoSjaLkuyrQ,0
xE9XVuz8fHAnrDlXQk35TA,0
L4lM-hcrtdORNcSZYq0twA,1
DxBEHyxLf223nDWd3RPbtA,0
OrU7uDs-IbhCJcEUURc5ag,0
Dd2FMSYLAfxIKSpccFg-Mw,1
UTsNkBXrma-Jjc5H1Q4edA,1
LN_I-gL6zoTbDcuthEihxQ,1
7Ypsa0l-EFGHJKmKjtJogg,0
DR0d2yOfJyae7j0YkmEkUQ,0
iUzwdxJ_L38fpFqqNIStmQ,1
2pFinSVtBZuscsFKC,0
wVzJvYSQEwsBs95uGKyJjA,0
Z3Wm-puii5-tLsAk_uNOcg,1
CAy2PxOrip3Mu1ujbqQzZQ,1
YFLKXc9QcMBM7jV0g3g02g,0
iW4nj4teOetO,1
KPyxAEdnPJU9V8TzC2aGYQ,1
sZOeviibjNQlGohnPvrXHw,0
ASFh5dw5od0JexaPQVcPSA,1
uwXl671KPDoT2QmNlFsNow,1
jj1U6Ly3v4dvscmlujbdbw,0
nlqXSnL_hWaPosGJEdgWOQ,1
GpBPC2fKoTjSHGM,0
he9AesTtgUj0jBbVuA2S4g,1
pT182ClZ98-avnDAKYFbkw,1
MLt2TOhiYOuurEXyEE2UfA,1
Wlw5YoXrVLK33n6Tx9Dwlg,0
y5OTTbUgnQkzeV9U5Ikung,1
m63M62llaKwCoTW-TaJPig,1
2Fy4HOkZhvd5xdv3MK0pOA,0
abgfbySr_Ztd2osU4QMUew,0
1BQ23nMWMFtPwCP-R,1
8apqdCYT_5rEkq3d9Eww9w,1
D14gUehhBBA3SZc0gL7Mpw,0
NkdVgKMUYzae8TiwU4whnQ,1
1DNhqCLzV-TW94EmTr94Bg,1
iZI3mwjqBp0,0
ThmtX0R5SAzLywQXAAgtnA,1
QAkCLuxsFhSoFeIQ6sMveA,0
jBqx-fFrwRKPdBVHxHxtUw,0
674SkJfBhwQBU2vBhUjSgA,0
sWMSbn6HYbzbVbnilM4FkA,0
HQOpB_FQ2K6t_o0WZZXHcw,1
NQ_c0TpJ7ErGNhdUALN4dA,0
3kmESJYDmiUvj2RXCDaSIg,0
Ao1wS9exvzwk8zCUfADAeQ,0
Y4U036VLYil9qFkN2uYlUQ,0
gN59oyY1GnMgMwCiE7RG0Q,0
RaNKfPFbMFMeBohI9PS,0
x2nP3is93cA8bVaPaiZ2xQ,1
GaovWsXAAwqDQq_TK__bHA,1
b8FEEE0Jb5w2xubFchInRg,1
zHpe0xxotC4CRDUrZIcrxg,1
al2rgwa9yBd4py7wu5W6Rg,0
KRbrl74iT5uARGXNqUOlWg,1
QxlyARGAuIHCJqtGwqJx5w,1
2LNZnSGxHUmCpTPIHHJE4A,0
F8wdZcINHQ6BnG7T7Pgmzg,1
fknx-MoL1NU9j4BABXPLNw,1
SEQN-HBS8u2nAFxTLO-QIA,0
oAOLjE5-btxhBQn9Gfy3iw,0
yW6qVg-N1IXRpfwipizZ6g,0
EFbAD_togao_RDRWH2FSNg,1
z5BMi-1-hHnJU4WaeXTDjA,1
hQ2erAJ4rly6Bpc1cvfoMw,0
1kSsX527q2_Qe66BBsMZaA,1
GhzUFb3pLXGpMFcqPCb8oA,0
JlwgjgQcR05RlrR8HgZLSA,1
ZJGgPNoNXublZe5OhoTRxA,1
FwjfXz8K7Su7XiQDUl17sA,0
I9mgS83su4HQntsILlewzA,1
pJM4Bqswqqu7ocQ7Tb2ssw,0
wHPoxY9,1
a4yHGubWY02IAQZsezsNoA,0
iDvMUQJaIC22mHDDM-9syg,1
cQpG5aZOU2onCUNzk-qTzw,0
7M4TGZjfvD015IpjDsnTTw,1
DL8I59AlXWoOp6w,0
c4lMaycNiyjE9Ne3jmvJlQ,1
TNzEU1oWgxgxIcQYn0Ph0g,1
hOxcQyVSYcD6LOU2EJEung,1
B7-HU2OeMDtK3c8dKJZBnw,0
697qp7oljzCxbzIfTnAeiQ,0
Kkfz5p-jYhRC5iiqWFGe2w,0
BoEa1hCbY-W5aBdGW4Y_tQ,1
QDZMZPsqibclrEAZ-WgO8Q,1
c5-YsIand2I6nG1tVCZY9Q,0
ZL4vZgXMF0tj1FL6T2yXQg,1
K90L6zUKcLaanMjS_4nOIA,1
b0rxd6QxVHMvzEvYZDJDjg,0
nIY5vnBThwR6R7Oee8Pvow,1
DUYq4LKbeRIwEm8aWcf8iw,0
94d3XqksHwSd_sYO8gcvIQ,1
ZDcCIksdbFRSeQ2VscDpYA,1
P5SzB_OJfadupVoEUYeSRw,1
8xPzY7EuwlKmK6Baj0R3fA,1
EQTHgYZ,1
Jq5RgbBXi1KZU7tvQkUyqA,1
OvR1YpRTtFWtTZzJtFed3w,1
Q1iqh92cGxHQAOerk74sdQ,1
kaYhOPF3jd7xKXYI3i9k-Q,1
6O9H6toQtH4GLzoSgZeF9w,0
NXSx67yCNuf0crQXApBx7Q,0
N_hjQSy-RJZ4RpkCxq04zg,1
jxfp5MvC6P7f3oJN-yEsiQ,0
Y6I3lK3meuAh__JXTkjVxA,1
ihyuT-fh3aa4tVQsFoqxxg,0
0SRpTceK6-5eTOphF8PbkQ,1
A-cS60cSMhJnIDpVUjazKg,0
tGI8AmaH4Z4aUKEt-870dQ,1
wEu09szHH1B6VUz5-J5lvA,0
1z-lAy89-bCYpzhbcjycfA,0
DbDgXN3Ey4AioGmNeMtJ7Q,1
0a4Q49IwV5rW8j8S5zBtUg,0
althqM40b5AWpl2SQzhbGA,1
uXIxhzd6BYkNiCxGhWH-sQ,1
jDrQWgK4KagOnkK,0
P_ji5oC7AuU8UmMZJIu57A,1
HxvyblRs-wHv6vvgD7PQ-Q,1
vXf-azfbjTP95Q3lEK-pRA,1
cCEZe1ZT67fBABzYH6Zm6Q,0
7kXWeqrLalI9wAq9r,1
0Tz3MKLk6CMPYgbtwmB4yg,1
nMPeH,0
h4Xv0RjJCjVB7ZV81Zq2RQ,1
lXw7VkJQ07-srAjteILDPA,0
7ge770uhTsBOTXu,0
d1htBH_oEjzo4vYHua9xOA,1
Zdhtb8COllLmly06Sz4U1Q,1
nKnobOHlgtueTJKiXiePBg,1
FEBXhAO-U0blpXt23hQ1cA,1
6it-zAz5HowZVes1oiCNJQ,0
fcvEDFIYMsaB42bWFw1tfg,1
qVHJn0BrAxayKf3Q3w-rJQ,0
pC_LktX5QtLk6i4XDJArfw,1
ZBspUNtaTrejv9Mpbj69Gw,1
ZYl6EUaktKJgnlO0wLn9ig,0
TepcGUMRrsUYrgyAunVEew,0
8bCxwjrM,0
gFvLGhdkeBsoY9Lf7ol2ZA,0
RXl_Jx_NO0QBo65vVcGVeA,1
Y5mU1qG5AXuRlX5Oxxq5nQ,1
F_kyJVA1TfKcT8CK5fP-NQ,1
JZzp9Uv8vlIcPl8c,0
5HD1c71IayoWrpGNsgqoGA,0
-MRFZ68XnNHvsox0uxLT1g,1
qPO7XNhz9njeYXp,1
v8h374Jnef,0
o5h-YQcPiIwcyIv2ykDbvw,1
TJ9rDtndH,0
rPkeEJTj3pRZLkujBBRmLA,0
qzhdB6HC02lWe6NTuDfWBg,1
6grzHSiOdo2WU5BtpvGeLg,0
Iwnu1vlp8MEzGoyMdB5VHA,0
VxRLAgRY54xrrSRIf3QBPA,1
wDJlw55i7NursBoAbS1K8Q,1
LkofCgpIlmA9ANem1CuYLA,1
W4aPS6qPKARAyCf0PS9knw,1
OBNz3HbzcBGlwe-6K0MLyA,1
Az5fM1k_x_WdVnf8tG2Wlw,1
PLlU9lNsRyDvIPKoLtUOfg,1
YoniA02_PjwpMZLmN2QVrw,1
0KeQpqHDDfyDKX_QDaRgpg,1
gsYMOYcgPYdiLI0-OuoAIg,0
bOdIAtKiFrMsUTR5YDIZ_w,1
3s6F-5hgeciZdU3vp0Yibg,0
scIfuLM5zUvch0RQ2PEKJw,1
gcSr6LtbLbYoKyk2q2D3cg,1
fK2-nD-KbsSx2wHFxiE4dg,0
eJYVm9nSlxTuPaREkYUjrQ,1
_ji-x9_jbN8Ks2yvOzwBHg,0
BGJedLl2QQikklVD3tMxGw,1
d6rK8h2RN-ZOaEFdefkj6A,0
REh-4rbBIx868bOqi8Ob6Q,0
3iAP36T9TvDISs6biG-chQ,1
WY1gduZHElUOChRcsPvI6Q,1
6riNP1x-o6RkGmT2JJYnjg,1
8FFyPFreNDwGu2FNwJnCfg,1
xpqo74ZVIyaXwYjJihhONQ,1
LjuUkciZsuW7IdSJCE3ucg,1
G48bDaQw3og0_Vo6u59yNg,0
AWK2OZ,0
bgZYPS687aLvVN1Bhih6zQ,0
69UDXqNDXJDVmV-p5Qz2NA,0
X4lvCGYgks5tC-uGne05Ww,1
W8bICXCHYtVTTXqv0jOjTA,0
Y64xzJH2zPH-YzWd5EgZbw,0
RxDRnVOPyWtQNwkVFzC1ng,1
Kto6QxRZq2lOw,0
UX5Eetf3dw5VPR5U21rtTw,1
bx6VA92mHKva5wm3g7E,0
i7JMVkS4x6nTHye7iI22MQ,0
WSDnySLs9sd8R6CrBzjykg,0
FSaI0qycp8_JH8cToZHerQ,1
7-U6H8jZsUdn6bqJU78LdQ,0
oKnoFVSxC5mcF9zVDDqDkQ,1
J6VpQzSMuqRm3VMrYOg6Zg,1
72dCIymfps2-2Tqylc,0
y40C8iTT,0
M1Bn7ddwvkXc13HLjpckvA,1
yoXIwQv_CQpGKeBFQCKCsw,1
DpDl90ufON,0
YRp1AFLiuOCgwPBPmnJBDg,1
Em6u0idZ90rZINJN6IFHrQ,0
XWoeFPs63HO2laYBXWCgbQ,1
sdgPpbrKDHxBRgM06iXrHA,0
L7mIYjp__xBafc-Kmf9GPw,1
6MhoreqWB6Ni2Hy9O_wX_w,1
Ebyyw4J5YRanXFdWA-IEqg,1
Rodb8TcnJdC61wJjUyWeNw,1
iz0t9o0NVHbCONAW7QPLHw,0
5PVHH7sJ0H8z71473cuqEg,0
Pmce3_ixzXsLNrza-pIzIA,1
e1qc9ppQwro7yLhvOmcqdA,1
6x33tuIJXq1d,0
6azVmwwXeHYcEQCvXtsagQ,0
Bmtb,1
DPnGLssNZcU-HULJUad7Vw,1
Yfzi-8IKQ_Q7RUm5z6BlQQ,1
275wcyfMNu6Lie7EbHAUIw,1
BsEgqeN6WagG_p5JRm__sQ,1
x5LJEaTLFV1rRe7Meaoi_g,1
VIDFLan9rjEDWei9RwFECQ,0
ac_f3eaw5Y8KEiwuJshzyg,1
0_QTIdZFwmyjCUiv3dMOPA,1
XYjN0iLjjqAdUZYZBrjx3w,1
nLhZOx0Nx74rnbp6ldSQ6A,0
BeFfhpzzuStOW9zT4b8YHg,1
nzfeNCUpHCooNyxvD4LcPw,0
r2Tdlv7XnltKAExPFZsg3Q,1
U6IEm-I1LO47Hh1EmmDAGg,1
WnHEPenIGRLFaItZ5QzAEA,0
pJVi6x0Dh_g-wI6TUfQdbQ,1
4iVrMHtAo9ja-Y8MCY-fxA,1
WQU3rkHeBy2Kpu-p8pBNVA,1
Q7W8MPbxnJBiBaQcpDLY3w,1
cj8RcG0wSwUx4FwA5BApIQ,1
lM7k-fvmqYx8IZr-FfxdAA,0
P48m7Kv12FCunsxYBbZCXg,0
xVfmTFbOE8MeTYUeX3sOaw,1
IFwL9KPMtXjSQt9pRgP0vw,1
grnDXvgtJob-xhxLIfiJ9A,1
qubPfUPUXQ7gFi_vPcrORA,1
YtgvZamCfNSSwgYL8DzYFg,1
DZ-zGxlRi8-0N5uqFqu32Q,0
gSBF-kHEBDkscetcBXfVTw,0
hfuSAeE5rVjmwAjiExbLTQ,1
1YtwqZjdeFnrQAc8QwA5tA,0
6iotdbr1R5HwMJA2_yODXA,1
D-D1FXLqfPoM9OncrsRQhQ,0
YgHocq_8A64CyhhfBh1KoQ,1
8ZN1WyhXt_e4-nzxx_Vwuw,1
iMtIXlbwAfeKTXnVaNlcCA,0
pZc2R6r-irgIt0CbTQwZEA,1
wDvifetSKDVrXKJkOMDN7w,1
5v4F7nEp1ESzmamG-bpf-w,1
jI5uxqt4ROd7tMQHdrWy0w,0
ldxm,0
h0etWmWsuHzC_vVAV9TpkQ,1
BjvWbcZu2y7i3bSzSEragw,0
zLfh82HWVwk1jhFaKkuY3Q,0
i6MZbd0ZykWtq2fw47dKZg,0
D6bI05EwoMDm5JOIRfEsfA,0
b54SqTaEgWVC0hv8h,0
-h9ts2B5gbo4lespk8ylDg,0
sUwWS6Crr2tl_moTozL2Mg,1
8pj9BAYU9fxabfCEVPHGgw,0
DxMm8zx0F4zcnF4SnJSGsg,1
LYhgHTRDZLp5Up2A3Gv,0
EzRnLzXhn8gACEyAcjveBg,0
phNoMsWsVylrde744pHHgw,1
xBtwVCgFzOB7mKzyH1gptg,0
ysCSlgbUPPKIm5qplefuig,1
7b7NQog0gIQJqbkF3svKww,0
-Qm14wK-DGmMoKSDhCfLCQ,0
7TCt4V673sILZkZAgRkLmQ,1
8loAh3ig6MQhVKoDasgaHQ,1
l1foAFtuFH9SLcevCyrueQ,0
4Bf8ZQBgMaSBLF-W2qg-jw,0
bE_Ytomz4KfBcrL3b2RxOA,1
SZQXQ1awXZri9bR9hKFjaw,1
VFoftRFyyTkit56L6kpNZw,1
1k1tZuYHTynbLLtBwxYhWg,0
hX6wxs8Fzl,0
BDv8GrNofiU1bIHzWvEK9g,1
gP0Wq-n-GiAao0WyR3pSSg,0
Kk0E3NQs3RO8tBVR-K8hrg,0
qdvqnabg1Xl9IOQ0UiDMBQ,0
oFxIPCk8FjsMeU1vOJ422Q,1
TBUjZUVEdthtLHsOY2MYCQ,1
cLxaEzWGbddFUrO5exBGOg,1
DvWaJbrSwWtsLXGatLmCUA,1
QHX6BYusLUFPxI4i7otJvw,1
7wOo0nJqG2xH8cBvC00hXg,1
L40d_Q8outFDlGLzrOqGew,0
O7hUNQFAKfc8Q0VEW5b5WA,1
PEO3yD6Si-geOVb4cCRJeQ,0
8WRljYxr_D4UI1wYY1QDiw,1
Qg46A7vh1ZbFxEp3kx6lBw,1
UMWD-dbbBv2vpjcq_KVX0Q,1
ufIu-UB1uNE-XQDSDcgPug,1
N6mbtksCA67ukD3wzQpU1w,1
MeLFLuVWeFCpuBLbRjYEMQ,0
9ybV3WmFX5_sB1rXlYJ4wg,1
c3hcdJ5g1jf02BwgYYGqOQ,1
qS7RFeYx8Z5E9mSN,0
zAYawrD7x6dG3Nnioq9arg,0
9QXtL-vE6ihxym1VeFBcsQ,0
NyVD,0
OP7AObtN-p4pRX817K_AXA,1
2BQ6L89VVz3bvM2BvpLEpQ,0
cj5PCpxOVACxB9YBXUnAjQ,1
NUKJzFCVulazp4YuGoqBOw,1
W7mFUWkEq39DnsE-ALMSMg,1
hkMN9J16Tb0SuMvNANZdcg,0
2Lnuk2PROIpFkSl3YBIXRg,1
BfQyjBlEx-mTdwfWQmxp3g,1
06v0XHt8l-yDz6WiZkOuag,0
2SLXCeNk7DABYWhMv9k4dg,0
H9YMpyJNjZQa1a0J5hgQeQ,0
XXovUBtkz-YNw1H8Xs8MQw,0
lw1BONxGF9FHGLg0yftTCQ,0
6t1NlcE08HyeDMGHpOONYg,1
VS-8n6kTajjWVF0OuP0kvw,1
IW9yalRFnV082I,0
kbGH0Vup-c0zXJcBTOLi5Q,0
Bh4t3XzpOt_XNS04TVxDTA,1
9ITVyoShF0r8ARc4hCaEqw,1
9474bEY9P7HAS0ZgUv3zIQ,1
q_q5ojBrLgDUUa8gjKQVuA,1
smnfudKFCVOGCPZgAG61YA,1
fEO5WoffXzTa4Mt5HGrTyA,1
AbqIWry2vYZBmLGPHmEuZw,0
X5IeYAGxwHWrHo5UJJVXGA,1
o1qJzqeCUHLVNFJUzZeo9w,1
i45w33J1pJWOGZ,1
-cjb8C4OOzcv7T_GNHLIBg,1
ZtdYY5RfM1FTM9eZR-8tVg,1
h37vBmbcV3UDmmmx8PwEFA,0
enchZJ8XHyTEh,1
XNPcLns5lWYQQi0c0BmWwQ,1
F8I3vycLr-gC6tTaAavRNw,1
FXuYQryvn4jukQp-eubATw,1
4XVndSgNLXRwQL77Ly4kmg,1
CKK,0
n7NI13VBroMWweICu1zfqw,0
Hb4Aqb8AYKcc1XWBg7FXFQ,0
b9M-d3,0
6949vEygAH4m8JhBn0OSXg,1
PNNj,0
SWYVLDf1apDerc_qKTWxqg,1
rceGHd-gAyWtGiPlucYwzQ,1
QlMAzMT5mK7XNQRIXaF5aA,0
IpxpwDuZNYREF4EuocSxJA,0
tqnuRKwVv6vEwrAAezutVA,0
GvGbO26FlXhU7czS05XgdA,0
OIjt0Zs-fhDwQ2uakW20EA,1
9Rv5XZdgPjgswig8GtSEsQ,1
79-MDCJazS1rQrdynHYBMQ,0
QWgDuA-DMHSl1TkDkS-tPw,1
2GCgAqBQp4wSz-KSrQQ5Hw,0
j8P3lwjnVOfd67DWTL,0
ghEEBTprIn9CsxTkza,0
3jT22OQevtFQmVG,0
NF,0
vCGaUAxYK4a-tdGZfEdrzg,1
Rqxqkr9d3TT-bpnB678W3w,1
6ONHo2dbaPGpCrkmzdEVPA,0
Mc6-Qt-jnW6cRyeDss7I5w,1
FjJ0o_hjeietTLxhn-LV7A,1
y83oOfaPz8e4wgb-l_OhDw,1
_kIBy1tafM1Wsrv39b7F6Q,1
gNvcHaiPZZ6RwIVvp-59Lw,1
yA9BO5ANiDBrUOKXXb,0
TWKDKAsds3FIHFvmGzHlrg,0
Xewvy,0
-ay4uoCXDkA87zKy1BujJA,1
ATrhu3WEYEtPcKB3Qi2F9w,0
UjZMl2-sqJPB4vcdHGFNQg,0
0KGX2uo9CZa_DIyLN18pOA,1
2HjMNNzdRfUiJSk4uu2BQw,0
onP1dfdpSxtRUmY-RpYb8A,1
qVx0Za1ORuSY1V4e2VvCQQ,1
KtOmXQfx2goN1eHtpxIxeg,0
jZM2nTC43-hVlepyGhU27Q,0
qUr4qT-3LynSBQ3h5WDY4A,0
l_1b2juXL4bSW64ij3oQJQ,1
RJHyR6AgsLneVMweZOAwgQ,1
w3KfBn2t_RF3Zey9LqSLuQ,1
LJBN6ya9joG9QM1y97-WlA,1
jZcXEYmMaBzS_4rriQ33_A,1
-ftY8RAlSA0-pv9CaWi,0
dxZXDWGscUlviaTu_iUFQg,1
WXuP2HFyVTnUlBz6vUrNpw,0
THf3YBGnMWtqoCQDn7OdWA,0
ZATCZAhk1T79sfVfYe63Qw,1
9Je9GWdD0C0DVttKEMpubA,0
fzYvM4kMNvlM2EkquV80vw,1
pBjveHV_Gd55gA-dFxqYrw,1
Q8Z,0
TFU5cxiJwT5LELl74bWSrw,1
3Gb2ajxf6DkBI_z1e6Osfw,1
vFhT1BXoMaFBkBx0H1UDBA,1
4NCCmrGR1csq39chhnAszA,0
c94jj5wDgdRaksl8vBbipg,1
yTnN3fV9LE2AEIeDOkTtQw,1
UqzlRbTA5T-hZC3mf8zTsg,1
83bsk0sferYrmAfcphBGCQ,0
AiKB3vSRwFp841jtgB1Mvg,1
gKLHzL4nX4mMxD04uWQSTA,1
CFUqxFWQQ2epsWmK0-zgzg,1
1tUlbcD_YlA2qcY77NCUNg,0
HeD0G1xzDPDVoDSw2A6Akg,0
MEF1xbdSl2EN63DO,0
vVouQnypeRu0q9DfuGP_4w,1
TkQxzIEUwPicRlr0Edt2tA,1
F5L7QrmrV4EMdAtHCK06RQ,1
epWSI3B7KeNlST5LMNotrA,1
qxHzO2k7HeSmLQa4ZfflBQ,0
GJ1E6gU7nRRCLCs1Np15dw,0
VcRZk7GF6Imu8ZXcNp-7uQ,0
5yMKpsJbw1,1
ETQCy,0
HOjTPOGDGkUnDCPsW8pGJA,0
irzVlynMpNi98uvGOuIgKg,1
w03cmSguXQNlCx4MT8WZIg,1
yVkAMe1oknr7fZx4NVLgMg,0
G7qjqeNmimniQO1WdF1_IA,0
Zpt1inf6Fwh-x6l10R8aNQ,0
pC8UpLDJ5891m7Q8Dopigg,0
XA0ti3ZZTjVWBQao7dJCsQ,1
Ncv8we6g8ZDm5_g_L9lDPw,1
cp2UcPN8sdMhchswtIUcag,1
0zE0Vs1HmheyfP1-PI7UJw,1
7s5YYxMqbOUaOR__hW2r8g,1
Ln_PJ506h4n3SXMDHHHf-g,1
V8As9cc_pSEDu11Hr91QrA,1
ZAB7SnLMZNxNrRxmhXl7kg,0
Ta,0
KJolcVCxtoLUX09oerO7,0
1lNNCZu2As20LqVbSXuIHg,0
Gw9XFcaEpY0BtLy-Bv84lA,0
fCnrKJcnzWXiU13SjgS_xA,0
HeJwya7GvIR-8vDy46Igbg,1
r1OpdB0t6eWm9aEpNrg8kA,1
1uYCxy-gD21fjYSEbED8kA,1
EUt29VPKRblmnJP4iSVAkg,1
k4igodjJTt1QdQLdq2h1Yw,1
hbCNDkC--Gi5y2DQK,0
E4zS0hnyMSASmxXCVCv5jA,1
lq8d6d0MDhn00RqKnIk1mA,0
6gJMqADGz7n9UVXD3uvI1A,0
bmhKlI86,1
aijuJEUkpQyYq2DNUUlOag,0
Ej4jAFZcZxJ3B6_mipeE3A,1
PmzKbmEM8ltvvDtbb7sVwA,1
HBRihGms9VJLSzrIkI9f3A,1
Uhyv7mi_8__Zk1h_ELywFA,1
6qB0,0
-TWqjJ2xMKPgLG8kjhFARA,1
09sSSFfsFR982p0K6Ng1-A,1
OwtEV5mZCGzPHj0W7vaKkg,0
TiOtdyOnZGfVfxZyUd0Mow,1
tIrar5KO30afgC5or2XFTg,0
bBqOzOEIwAd3-wl7_PW2_Q,1
ZrnDGUGdgc6gIPMsU1O9zw,0
j47VwDvWx5dW_3bjZK2EeA,1
URA2cL0Chej7RK2Its5Ynw,1
gYh6dIwtrMBC-Kq4wrDm9A,1
eGY7wgv0W17DfBKdDvhSkg,0
Fsk39wJE4f2TwD18oC9T7A,0
-x25LZ9vCoDXpjqecV1fvQ,0
iOSYuvqIsn-93iXB7V0hPA,0
E3C5EyqmYZI0lixTEW-N8A,0
pwvU8lvkYeBFas3t5rF_gQ,1
hVl-ix47NnX5uv1AsJkhNA,1
pJOzEi2qQOw6Q5jpXy3iSg,1
b6lN9wclxloSeW0Pz85e8A,1
5NUAQSllcDRUeoQkMp2NZQ,0
RQidbAcQGsDvfH3n32KjUA,1
bqA7aqae4ERH,0
tOKXPghXgAJTEhtuQHgJnw,1
Cv3hwzphSeJ8S0hT2_aznw,1
y8vf5QfuMUgvV,0
2icsGdfRXZ6tBanFqlKWHQ,1
BByklt2CZutDhM-LAKWJ-Q,0
mxcX07JG-kIqEKT6Dtyuiw,0
knkNNIg8IxR9DyWpb04Ljw,0
6XBHMUYXI7ryKT0qAoDplQ,1
aiSRj2etFxI8b4Lph6ylKA,1
9-e1xZW4QVLrEg9MFvN4zQ,1
FzZJ50DnmYxRcYaLEr0Hcg,1
gl2bXTT-UTU7tHyhsOKyFQ,0
ObA0ZCfi1,0
pvTTjgqEXTEdcKo71RyNAw,1
6LO9hgMPP8X6H95SA-vuMw,1
o7vQ7cly2pyQvtEWV6OuPQ,1
H1uG-0Fm7Xuh9SOvxrD2DQ,0
H50owDrWwuuLJcEFC4Q01g,1
aeIGceIQPrlpWruOfIyiMw,0
cnYUv6BMi0Q5dY6vUSzOVw,0
e6TVd_iL6OU974iM4NEdNA,1
96hx3xkMB9bzuHqLzLdiLQ,1
hI8gDknV8IAwSKoZUOtzjA,1
e6wB-hcn4ORI8_1SXC2eiQ,1
RCkwxY5XnEN-glgBSpFTXA,0
19uaTT17A4CDCYmwQMAF0g,1
KbGuG5yaRuGNyLGvZ1TBRw,1
YMgxEILtnaufTBl_Rlr2-w,1
dCdAj5tWGbnuY75EZWTc5A,0
c-cFU4vs-LANjxm1,0
RAAlXUJJCBNEj-6Hh9xLHw,1
TF4qJP4Qsfs2iRlKaVc-yA,0
1GUBBi7G_sXPZV-Wm9dkrQ,1
xE8yc2PXR8BU07ZWvoHmpQ,1
aNxj3mv5BVu5uhhl4Gz60g,0
cD88W1QUCFJlRN-FaZkUSg,0
B-Ao0PQUJcqtz4dgqpEmwA,0
WGsgDAygWaYP4je,0
JEjgQoV,0
vMUxixoZ4p31iVxXzxE8qw,1
zqr5HYXr-VU3vA4dX_5nZw,1
QyV1jCmc1u6XsQ78vgkLFw,1
9MYPuDZ5UGwsWJk1rJCudw,0
3GeTFEbFcN4MwZVUBXlG-Q,0
BtUaM4logwsBxGNqm5xePA,1
4V68DLPB3atAqWwoSR9X2Q,0
8MmP4SKsYdxlm0Nhqdn9lA,0
MiiIcTelfvZuol5d6sZVWw,0
PBJmT-mtES5UaFgpRIkFDg,1
zs2sNAqLq3fsDRyIWNz5JA,1
YebyjURelEfpp0cUkXd5qA,1
315-91CBwbs0ZqfY9zBvow,1
bLL-RGshCFCfGqMhN5mo-g,1
xj8vAHXHxIFp5wlyf_svfQ,1
JaQyfOxBiBr7R1A_ENbfZQ,1
lphETACciTr6Qv-1QS4qcw,1
Sf9GAHxyQ0U9EIcojmsvUw,1
A7tPsMMVlei,1
cPcLMVb4Qe4dMKEGSC5C,1
2LqerGhHD-pcyZBZA4ZCFg,1
WBHEgf3o62W2iKuuulqAuQ,0
qofmGgST-Xjy6YoOn4tERw,1
TnrX,0
S442K6Jx5r0BqWrHaKZ5YA,1
fWSYavmHt9m3EH5fIHRcug,1
uXIXvyTtO-qYbu44q18aFw,1
O82e3LJA-VErkVIXZ,0
4YvYOwQsbDyiKJv3UTxcXg,1
7i4Nkjpni3i88W10rC-SeA,1
ldakXloMrgQ7Jju4S6tgwQ,1
lNNuyYh3xZN19CHriIbdVg,1
8nhGwg7sPYkcSHJRLSWErw,1
ypyPWWQLMUQOribSe1tOzg,0
8c6XjfXRvWYnjDzNsrcv6g,1
O8xTpaZtgm3DbJqI-AHXvg,1
h8WMe7GYWRPz1F-hCzykbQ,1
MjFUBPMK-ZGxclpSexdzMg,1
A0lLhrhpWPs3gGH8nk3NxQ,1
tgj7aDmpuJnGDOTLm5wcmA,1
M5aDrwTLnOfo5NEfk5Icdw,1
0kHTowL8oRdsUWHJD_Tomg,1
8MVzlD2BaBg5PuOCg5Gk,0
WiCuAR6DdqZcAb8Esdcq5A,1
BVtEXpsZeR,0
3UTGoYWz34nzDhh9Z80a9A,0
entiV80_BsOVf2x-wHScvA,1
ZtdVuJO233IvsSvsvZ1a6g,1
pdLugQrTiM2f01m7wno,0
W9CwaAOIKxw_n7SCKqJ_VQ,1
VzWOvt9-sF6,0
jxKv953YMkHE1jXjROaAWQ,0
1jXTT6atIfZSbEIOknJySw,0
ZLHBcVk41El-AjFUfzfYkg,0
TGUyzy0hjZYlco9FXbd6hA,0
F4b9FwPxyMRQO86eFiyYEA,1
C-a7oaAmqUh5Mmh9rXNiWA,0
GwKz4tVijkA6PFC03fRDBg,0
pyB46ei2oddRFUkMyYBfpg,0
m0wVgqL_QrOrFAdR8CwEJg,1
VxPfnfwJrU2Sifl_0jNAXg,1
LDw5nXlxZsPmZFDu23zfYg,0
bG6eN0x1yffd8Epi9ZRKlg,1
A6GM6uLvmUCFEdIpbbXLGw,0
sZCCjGInujpxsMbfnsrBxw,1
Gye9B3uGiVVM3oKdrXS52Q,0
Njxe9Qr6IGbPyp2MkdGQ9w,0
BjqYsTtvxrRj5sN,0
nVE265LxmoY72ExFh5e31Q,1
4Oh,1
jKlCJHJTEPudH1AWygggaw,0
gDUZHoSnzruHh39lTlQ2gw,0
Sy0IFnlh4n5UzjT9,1
hUEmHXab78cOFVjj0k2asw,1
QOIz6WYFSBj8rAkZSclTpQ,0
mOo92edyQuzCAsJWTUWnrg,1
CedTs77RcIpY4bcuqFRD8g,0
LOMYbHe6ux-AR2TZkkL0jg,0
1aw6T3N4vGursfnfaf1EAA,0
fvaBgAJC9PrE6maaIuSxww,1
QRHwM1jGUidq67KslP5ZNQ,0
-z8SnV_yXBcZ5ILnmePZhA,1
n8b7zhINGEhpznkVzfRi9g,0
kgj8tbMMgAz1SLX70K82Dg,0
eeaLf_tDv9seBJqdeS3KfA,0
szchE3eH8iiTOAA4Xnrpww,1
pSsdEn6PzkmLqgUrdv_pgQ,1
N9ZLwRAe6PvHna953UNWUA,0
QbA6SH9prFOLAjOLHDcqoQ,1
HWmIyzQcr3iyq9mUA5st2A,0
fb-CVBtd34eqEqn7cwFF0Q,1
BvJw-oSBA6ICsELc8JnsyQ,0
jZWws2Pf-68tfcwBB5,0
6PWjB82Zh9ZGdNenHHCSJQ,1
ZCbo,0
DcWLA,0
x4p3ZF7,1
em,0
prEqhhL0Oi6Ok4SBrc2DiA,0
l5pHOoqtBZXm8VJlTyAYVw,0
LmM,0
ILp6uwwlgEgLphurICKBKg,1
VZQ7-gN4vKo_36AhM_nEwg,0
4liFOBz_blxYlZM2KvnJsQ,1
ET3oD7r7K8oG0EZhURnaiw,1
CmciLG4PWqJA57KExFFTgQ,1
xG_xseKgycG4fYrlXs-h1w,1
MLOytPJwUlIdlM3c40slCQ,1
GxcN6QqblnSCOcPc59-3IQ,0
3V2vypfDcSlXQD_M6dTLpg,1
-WrHk0p-8hNUOeW5OQ1n6g,1
Vpqp08yqzxkpnmEmkxwgZw,1
zGa8eCb6zL1ad8_YD9vVhQ,1
MttIiSuPJxSkRmHP5lgRWQ,0
wjAwWS7Mr,0
0CIrxijY5UGkMVNSFVRamA,1
bj2jc,1
BRn_Uw-ZyeoD0pJjJLAKFA,1
0QEOwE04rrKRd1Bz9k71pw,0
S8Kn2ATD3NbGJ0u4n8cEsA,0
qGShpYvUfIkxDj5YI,0
a0Vmgj4AXdwuf-kilg2BfQ,0
SO,0
ov7TlvwmygzzQdeVwPa8HQ,1
1zFPG1NHv7JDlNCEXBw-Hg,1
hNV43sGA6i-PdQrHPUzGqg,1
JF3wF1qyU-p1o5tdv3lWTA,0
3x61W1tx25LtQiAGrWbaog,1
YW,1
e03Sxzsm7Fe-YfZ9JFiIeQ,1
GpLiSqadHZ4bozHTHeJJew,1
2fFkFeDMfATmKo4,1
Rzg0LHwv_DOfe9vBZmh4JQ,1
p_TkNdUGnsFJmk60-pgQAw,1
4jcL46D,0
eCuLTd4m2_10tNnCV9Zilw,1
VTKqX3v_brgi86VxFV9bLA,1
-BMHdlfHIOHR-A6ppO-kOA,0
nzwuItTAttUBOLMse6aoYg,0
YSgqrcLY,0
ybhO02ipPYW8Wd49khwE-w,0
ZvoebG0QMO9nqwLm1FIUbg,1
2_plZP0lvr6_cyB92ffdig,1
3gOhfLE0maLjyojeis2fGA,0
hMCd2wYxzT3sapy_iT2s1g,1
ciJxNUaA8xzR2UAcoBNNZQ,0
zDxltk9vwtgeDhX7sporIQ,0
QlhsEuoWDbVvSsHRc6HhKw,0
pFOs_Twh2KSxFpWh3ihaCg,1
jXrhZUMxMDWpf9g1Yi-pDw,1
zqOFLqaQxqUMt3JLEru2sQ,1
gLZDeE,0
q3ai-kA4HCyn6oai6FPUFg,1
